11:31:53: Creating resource group General
11:31:53: Creating resource group Internal
11:31:53: Creating resource group Autodetect
11:31:53: SceneManagerFactory for type 'DefaultSceneManager' registered.
11:31:53: Registering ResourceManager for type Material
11:31:53: Registering ResourceManager for type Mesh
11:31:53: Registering ResourceManager for type OldSkeleton
11:31:53: MovableObjectFactory for type 'ParticleSystem' registered.
11:31:53: ArchiveFactory for archive type FileSystem registered.
11:31:53: ArchiveFactory for archive type Zip registered.
11:31:53: ArchiveFactory for archive type EmbeddedZip registered.
11:31:53: DDS codec registering
11:31:53: FreeImage version: 3.13.1
11:31:53: This program uses FreeImage, a free, open source image library supporting all common bitmap formats. See http://freeimage.sourceforge.net for details
11:31:53: Supported formats: bmp,ico,jpg,jif,jpeg,jpe,jng,koa,iff,lbm,mng,pbm,pbm,pcd,pcx,pgm,pgm,png,ppm,ppm,ras,tga,targa,tif,tiff,wap,wbmp,wbm,psd,cut,xbm,xpm,gif,hdr,g3,sgi,exr,j2k,j2c,jp2,pfm,pct,pict,pic,bay,bmq,cr2,crw,cs1,dc2,dcr,dng,erf,fff,hdr,k25,kdc,mdc,mos,mrw,nef,orf,pef,pxn,raf,raw,rdc,sr2,srf,arw,3fr,cine,ia,kc2,mef,nrw,qtk,rw2,sti,drf,dsc,ptx,cap,iiq,rwz
11:31:53: Registering ResourceManager for type HighLevelGpuProgram
11:31:53: MovableObjectFactory for type 'Entity' registered.
11:31:53: MovableObjectFactory for type 'Light' registered.
11:31:53: MovableObjectFactory for type 'BillboardSet' registered.
11:31:53: MovableObjectFactory for type 'ManualObject' registered.
11:31:53: MovableObjectFactory for type 'BillboardChain' registered.
11:31:53: MovableObjectFactory for type 'RibbonTrail' registered.
11:31:53: Loading library .\RE_Kenshi
11:31:53: SIC codec registering
11:31:53: DDS codec registering
11:31:53: Loading library .\RenderSystem_Direct3D11_x64
11:31:53: Installing plugin: D3D11 RenderSystem
11:31:53: D3D11 : Direct3D11 Rendering Subsystem created.
11:31:54: D3D11: Driver Detection Starts
11:31:54: D3D11: Driver Detection Ends
11:31:54: Plugin successfully installed
11:31:54: Loading library .\Plugin_ParticleUniverse_x64
11:31:54: Installing plugin: ParticleUniverse
11:31:54: MovableObjectFactory for type 'PUParticleSystem' registered.
11:31:54: MovableObjectFactory for type 'BoxSet' registered.
11:31:54: MovableObjectFactory for type 'SphereSet' registered.
11:31:54: ParticleUniverse: Particle Renderer Type 'Beam' registered
11:31:54: ParticleUniverse: Particle Renderer Type 'Billboard' registered
11:31:54: ParticleUniverse: Particle Renderer Type 'Box' registered
11:31:54: ParticleUniverse: Particle Renderer Type 'Sphere' registered
11:31:54: ParticleUniverse: Particle Renderer Type 'Entity' registered
11:31:54: ParticleUniverse: Particle Renderer Type 'RibbonTrail' registered
11:31:54: ParticleUniverse: Particle Renderer Type 'Light' registered
11:31:54: ParticleUniverse: Particle Emitter Type 'Point' registered
11:31:54: ParticleUniverse: Particle Emitter Type 'Line' registered
11:31:54: ParticleUniverse: Particle Emitter Type 'Box' registered
11:31:54: ParticleUniverse: Particle Emitter Type 'Circle' registered
11:31:54: ParticleUniverse: Particle Emitter Type 'SphereSurface' registered
11:31:54: ParticleUniverse: Particle Emitter Type 'Vertex' registered
11:31:54: ParticleUniverse: Particle Emitter Type 'MeshSurface' registered
11:31:54: ParticleUniverse: Particle Emitter Type 'Position' registered
11:31:54: ParticleUniverse: Particle Emitter Type 'Slave' registered
11:31:54: ParticleUniverse: Particle Affector Type 'Dummy01' registered
11:31:54: ParticleUniverse: Particle Affector Type 'LinearForce' registered
11:31:54: ParticleUniverse: Particle Affector Type 'Gravity' registered
11:31:54: ParticleUniverse: Particle Affector Type 'ParticleFollower' registered
11:31:54: ParticleUniverse: Particle Affector Type 'Vortex' registered
11:31:54: ParticleUniverse: Particle Affector Type 'Randomiser' registered
11:31:54: ParticleUniverse: Particle Affector Type 'Line' registered
11:31:54: ParticleUniverse: Particle Affector Type 'Scale' registered
11:31:54: ParticleUniverse: Particle Affector Type 'Scale2' registered
11:31:54: ParticleUniverse: Particle Affector Type 'ScaleVelocity' registered
11:31:54: ParticleUniverse: Particle Affector Type 'GeometryRotator' registered
11:31:54: ParticleUniverse: Particle Affector Type 'TextureRotator' registered
11:31:54: ParticleUniverse: Particle Affector Type 'TextureAnimator' registered
11:31:54: ParticleUniverse: Particle Affector Type 'Jet' registered
11:31:54: ParticleUniverse: Particle Affector Type 'Align' registered
11:31:54: ParticleUniverse: Particle Affector Type 'FlockCentering' registered
11:31:54: ParticleUniverse: Particle Affector Type 'CollisionAvoidance' registered
11:31:54: ParticleUniverse: Particle Affector Type 'VelocityMatching' registered
11:31:54: ParticleUniverse: Particle Affector Type 'Colour' registered
11:31:54: ParticleUniverse: Particle Affector Type 'SineForce' registered
11:31:54: ParticleUniverse: Particle Affector Type 'Dummy02' registered
11:31:54: ParticleUniverse: Particle Affector Type 'SphereCollider' registered
11:31:54: ParticleUniverse: Particle Affector Type 'PlaneCollider' registered
11:31:54: ParticleUniverse: Particle Affector Type 'BoxCollider' registered
11:31:54: ParticleUniverse: Particle Affector Type 'InterParticleCollider' registered
11:31:54: ParticleUniverse: Particle Affector Type 'PathFollower' registered
11:31:54: ParticleUniverse: Particle Affector Type 'ForceField' registered
11:31:54: ParticleUniverse: Particle Observer Type 'OnExpire' registered
11:31:54: ParticleUniverse: Particle Observer Type 'OnEmission' registered
11:31:54: ParticleUniverse: Particle Observer Type 'OnCount' registered
11:31:54: ParticleUniverse: Particle Observer Type 'OnEventFlag' registered
11:31:54: ParticleUniverse: Particle Observer Type 'OnCollision' registered
11:31:54: ParticleUniverse: Particle Observer Type 'OnVelocity' registered
11:31:54: ParticleUniverse: Particle Observer Type 'OnTime' registered
11:31:54: ParticleUniverse: Particle Observer Type 'OnPosition' registered
11:31:54: ParticleUniverse: Particle Observer Type 'OnClear' registered
11:31:54: ParticleUniverse: Particle Observer Type 'OnQuota' registered
11:31:54: ParticleUniverse: Particle Observer Type 'OnRandom' registered
11:31:54: ParticleUniverse: Particle EventHandler Type 'DoExpire' registered
11:31:54: ParticleUniverse: Particle EventHandler Type 'DoFreeze' registered
11:31:54: ParticleUniverse: Particle EventHandler Type 'DoPlacementParticle' registered
11:31:54: ParticleUniverse: Particle EventHandler Type 'DoStopSystem' registered
11:31:54: ParticleUniverse: Particle EventHandler Type 'DoEnableComponent' registered
11:31:54: ParticleUniverse: Particle EventHandler Type 'DoAffector' registered
11:31:54: ParticleUniverse: Particle EventHandler Type 'DoScale' registered
11:31:54: ParticleUniverse: Particle Extern Type 'Gravity' registered
11:31:54: ParticleUniverse: Particle Extern Type 'SphereCollider' registered
11:31:54: ParticleUniverse: Particle Extern Type 'BoxCollider' registered
11:31:54: ParticleUniverse: Particle Extern Type 'Vortex' registered
11:31:54: ParticleUniverse: Particle Extern Type 'SceneDecorator' registered
11:31:54: ParticleUniverse: Particle Behaviour Type 'Slave' registered
11:31:54: Plugin successfully installed
11:31:54: Loading library .\Plugin_Terrain_x64
11:31:54: Installing plugin: Terrain
11:31:54: Plugin successfully installed
11:31:54: *-*-* OGRE Initialising
11:31:54: *-*-* Version 2.0.0unstable (Tindalos)
11:31:54: OGRE EXCEPTION(6:FileNotFoundException): 'kenshi.cfg' file not found! in ConfigFile::load at ..\..\OgreMain\src\OgreConfigFile.cpp (line 88)
11:31:54: D3D11 : RenderSystem Option: Rendering Device = NVIDIA GeForce RTX 3070 Laptop GPU
11:31:54: D3D11 : RenderSystem Option: Rendering Device = NVIDIA GeForce RTX 3070 Laptop GPU
11:31:54: D3D11 : RenderSystem Option: Rendering Device = NVIDIA GeForce RTX 3070 Laptop GPU
11:31:55: D3D11 : RenderSystem Option: Video Mode = 2560 x 1600 @ 32-bit colour [0]
11:32:02: D3D11 : RenderSystem Option: Rendering Device = NVIDIA GeForce RTX 3070 Laptop GPU
11:32:02: D3D11 : RenderSystem Option: Video Mode = 2560 x 1600 @ 32-bit colour [0]
11:32:02: D3D11 : RenderSystem Option: Full Screen = Yes
11:32:02: D3D11 : RenderSystem Option: Border = Default
11:32:02: D3D11 : RenderSystem Option: VSync = No
11:32:23: D3D11 : RenderSystem Option: Rendering Device = NVIDIA GeForce RTX 3070 Laptop GPU
11:32:23: D3D11 : RenderSystem Option: Video Mode = 2560 x 1600 @ 32-bit colour [0]
11:32:23: D3D11 : RenderSystem Option: Full Screen = Yes
11:32:23: D3D11 : RenderSystem Option: Border = Default
11:32:23: D3D11 : RenderSystem Option: VSync = No
11:32:24: D3D11 : RenderSystem Option: Rendering Device = NVIDIA GeForce RTX 3070 Laptop GPU
11:32:24: D3D11 : RenderSystem Option: Video Mode = 2560 x 1600 @ 32-bit colour [0]
11:32:24: D3D11 : RenderSystem Option: Full Screen = Yes
11:32:24: D3D11 : RenderSystem Option: Border = Default
11:32:24: D3D11 : RenderSystem Option: VSync = No
11:32:25: CPU Identifier & Features
11:32:25: -------------------------
11:32:25:  *   CPU ID: AuthenticAMD: AMD Ryzen 7 5800H with Radeon Graphics
11:32:25:  *   Logical cores: 16
11:32:25:  *      SSE: yes
11:32:25:  *     SSE2: yes
11:32:25:  *     SSE3: yes
11:32:25:  *      MMX: yes
11:32:25:  *   MMXEXT: yes
11:32:25:  *    3DNOW: no
11:32:25:  * 3DNOWEXT: no
11:32:25:  *     CMOV: yes
11:32:25:  *      TSC: yes
11:32:25:  *      FPU: yes
11:32:25:  *      PRO: yes
11:32:25:  *       HT: no
11:32:25: -------------------------
11:32:25: D3D11 : Subsystem Initialising
11:32:25: D3D11RenderSystem::_createRenderWindow "Kenshi 1.0.65 - x64 (Newland)", 2560x1600 fullscreen  miscParams: FSAA=1 FSAAHint= colourDepth=32 gamma=false monitorIndex=0 useNVPerfHUD=false vsync=false vsyncInterval=1 
11:32:25: D3D11 : Created D3D11 Rendering Window 'Kenshi 1.0.65 - x64 (Newland)' : 2560x1600, 32bpp
11:32:25: Registering ResourceManager for type Texture
11:32:25: Registering ResourceManager for type GpuProgram
11:32:25: RenderSystem capabilities
11:32:25: -------------------------
11:32:25: RenderSystem Name: Direct3D11 Rendering Subsystem
11:32:25: GPU Vendor: nvidia
11:32:25: Device Name: NVIDIA GeForce RTX 3070 Laptop GPU
11:32:25: Driver Version: 32.0.16.1656
11:32:25:  * Fixed function pipeline: no
11:32:25:  * Hardware generation of mipmaps: yes
11:32:25:  * Texture blending: yes
11:32:25:  * Anisotropic texture filtering: yes
11:32:25:  * Dot product texture operation: yes
11:32:25:  * Cube mapping: yes
11:32:25:  * Hardware stencil buffer: yes
11:32:25:    - Stencil depth: 8
11:32:25:    - Two sided stencil support: yes
11:32:25:    - Wrap stencil values: yes
11:32:25:  * Hardware vertex / index buffers: yes
11:32:25:  * 32-bit index buffers: yes
11:32:25:  * Vertex programs: yes
11:32:25:  * Number of floating-point constants for vertex programs: 512
11:32:25:  * Number of integer constants for vertex programs: 16
11:32:25:  * Number of boolean constants for vertex programs: 16
11:32:25:  * Fragment programs: yes
11:32:25:  * Number of floating-point constants for fragment programs: 512
11:32:25:  * Number of integer constants for fragment programs: 16
11:32:25:  * Number of boolean constants for fragment programs: 16
11:32:25:  * Geometry programs: yes
11:32:25:  * Number of floating-point constants for geometry programs: 512
11:32:25:  * Number of integer constants for geometry programs: 16
11:32:25:  * Number of boolean constants for geometry programs: 16
11:32:25:  * Tessellation Hull programs: yes
11:32:25:  * Number of floating-point constants for tessellation hull programs: 512
11:32:25:  * Number of integer constants for tessellation hull programs: 16
11:32:25:  * Number of boolean constants for tessellation hull programs: 16
11:32:25:  * Tessellation Domain programs: yes
11:32:25:  * Number of floating-point constants for tessellation domain programs: 512
11:32:25:  * Number of integer constants for tessellation domain programs: 16
11:32:25:  * Number of boolean constants for tessellation domain programs: 16
11:32:25:  * Compute programs: yes
11:32:25:  * Number of floating-point constants for compute programs: 512
11:32:25:  * Number of integer constants for compute programs: 16
11:32:25:  * Number of boolean constants for compute programs: 16
11:32:25:  * Supported Shader Profiles: cs_4_0 cs_4_1 cs_5_0 ds_5_0 gs_4_0 gs_4_1 gs_5_0 hlsl hs_5_0 ps_4_0 ps_4_0_level_9_1 ps_4_0_level_9_3 ps_4_1 ps_5_0 vs_4_0 vs_4_0_level_9_1 vs_4_0_level_9_3 vs_4_1 vs_5_0
11:32:25:  * Texture Compression: yes
11:32:25:    - DXT: yes
11:32:25:    - VTC: no
11:32:25:    - PVRTC: no
11:32:25:    - ATC: no
11:32:25:    - ETC1: no
11:32:25:    - ETC2: no
11:32:25:    - BC4/BC5: no
11:32:25:    - BC6H/BC7: yes
11:32:25:  * Scissor Rectangle: yes
11:32:25:  * Hardware Occlusion Query: yes
11:32:25:  * User clip planes: yes
11:32:25:  * VET_UBYTE4 vertex element type: yes
11:32:25:  * Infinite far plane projection: yes
11:32:25:  * Hardware render-to-texture: yes
11:32:25:  * Floating point textures: yes
11:32:25:  * Non-power-of-two textures: yes
11:32:25:  * 1d textures: yes
11:32:25:  * Volume textures: yes
11:32:25:  * Multiple Render Targets: 8
11:32:25:    - With different bit depths: yes
11:32:25:  * Point Sprites: yes
11:32:25:  * Extended point parameters: yes
11:32:25:  * Max Point Size: 256
11:32:25:  * Vertex texture fetch: yes
11:32:25:  * Number of world matrices: 0
11:32:25:  * Number of texture units: 16
11:32:25:  * Stencil buffer depth: 8
11:32:25:  * Number of vertex blend matrices: 0
11:32:25:    - Max vertex textures: 4
11:32:25:    - Vertex textures shared: no
11:32:25:  * Render to Vertex Buffer : yes
11:32:25:  * Hardware Atomic Counters: no
11:32:25: ***************************************
11:32:25: *** D3D11 : Subsystem Initialized OK ***
11:32:25: ***************************************
11:32:25: DefaultWorkQueue('Root') initialising on thread 6228.
11:32:25: DefaultWorkQueue('Root')::WorkerFunc - thread 63bc starting.
11:32:25: DefaultWorkQueue('Root')::WorkerFunc - thread 8f68 starting.
11:32:25: DefaultWorkQueue('Root')::WorkerFunc - thread 5180 starting.
11:32:25: DefaultWorkQueue('Root')::WorkerFunc - thread 7558 starting.
11:32:25: DefaultWorkQueue('Root')::WorkerFunc - thread 8700 starting.
11:32:25: DefaultWorkQueue('Root')::WorkerFunc - thread 72a0 starting.
11:32:25: DefaultWorkQueue('Root')::WorkerFunc - thread 9388 starting.
11:32:25: DefaultWorkQueue('Root')::WorkerFunc - thread 8704 starting.
11:32:25: DefaultWorkQueue('Root')::WorkerFunc - thread 4108 starting.
11:32:25: DefaultWorkQueue('Root')::WorkerFunc - thread 31dc starting.
11:32:25: DefaultWorkQueue('Root')::WorkerFunc - thread 1218 starting.
11:32:25: DefaultWorkQueue('Root')::WorkerFunc - thread 5b4 starting.
11:32:25: DefaultWorkQueue('Root')::WorkerFunc - thread 8bf8 starting.
11:32:25: DefaultWorkQueue('Root')::WorkerFunc - thread 90f0 starting.
11:32:25: DefaultWorkQueue('Root')::WorkerFunc - thread 1f80 starting.
11:32:25: DefaultWorkQueue('Root')::WorkerFunc - thread 9004 starting.
11:32:25: Particle Renderer Type 'billboard' registered
11:32:25: MovableObjectFactory for type 'Terrain' registered.
11:32:25: Creating resource group Blood
11:32:25: Added resource location './data/materials/blood/line' of type 'FileSystem' to resource group 'Blood'
11:32:25: Added resource location './data/materials/blood/splash' of type 'FileSystem' to resource group 'Blood'
11:32:25: Added resource location './data/materials/blood/pool' of type 'FileSystem' to resource group 'Blood'
11:32:25: Added resource location './data/materials/blood/smear' of type 'FileSystem' to resource group 'Blood'
11:32:25: Creating resource group Bootstrap
11:32:25: Added resource location './data/meshes/OgreCore.zip' of type 'Zip' to resource group 'Bootstrap'
11:32:25: Creating resource group Characters
11:32:25: Added resource location './data/animal/meshes' of type 'FileSystem' to resource group 'Characters'
11:32:25: Added resource location './data/animal/meshes/noLOD' of type 'FileSystem' to resource group 'Characters'
11:32:25: Added resource location './data/animal/textures' of type 'FileSystem' to resource group 'Characters'
11:32:25: Added resource location './data/character/' of type 'FileSystem' to resource group 'Characters'
11:32:25: Added resource location './data/character/skins' of type 'FileSystem' to resource group 'Characters'
11:32:25: Added resource location './data/character/skins/masks' of type 'FileSystem' to resource group 'Characters'
11:32:25: Added resource location './data/character/skins/hu' of type 'FileSystem' to resource group 'Characters'
11:32:25: Added resource location './data/character/skins/hu/heads' of type 'FileSystem' to resource group 'Characters'
11:32:25: Added resource location './data/character/skins/st' of type 'FileSystem' to resource group 'Characters'
11:32:25: Added resource location './data/character/skins/st/heads' of type 'FileSystem' to resource group 'Characters'
11:32:25: Added resource location './data/character/skins/sun' of type 'FileSystem' to resource group 'Characters'
11:32:25: Added resource location './data/character/skins/sun/heads' of type 'FileSystem' to resource group 'Characters'
11:32:25: Added resource location './data/character/skins/ca' of type 'FileSystem' to resource group 'Characters'
11:32:25: Added resource location './data/character/skins/ca/heads' of type 'FileSystem' to resource group 'Characters'
11:32:25: Added resource location './data/character/skins/sh' of type 'FileSystem' to resource group 'Characters'
11:32:25: Added resource location './data/character/skins/sh/heads' of type 'FileSystem' to resource group 'Characters'
11:32:25: Added resource location './data/character/skins/bone_people' of type 'FileSystem' to resource group 'Characters'
11:32:25: Added resource location './data/character/skins/bone_people/heads' of type 'FileSystem' to resource group 'Characters'
11:32:25: Added resource location './data/character/hair' of type 'FileSystem' to resource group 'Characters'
11:32:25: Added resource location './data/character/hair/meshes' of type 'FileSystem' to resource group 'Characters'
11:32:25: Added resource location './data/character/hair/textures' of type 'FileSystem' to resource group 'Characters'
11:32:25: Added resource location './data/character/hair/meshes/Bone_people' of type 'FileSystem' to resource group 'Characters'
11:32:25: Added resource location './data/character/skins/bone_people_female' of type 'FileSystem' to resource group 'Characters'
11:32:25: Added resource location './data/character/skins/bone_female' of type 'FileSystem' to resource group 'Characters'
11:32:25: Added resource location './data/character/skins/bone_male' of type 'FileSystem' to resource group 'Characters'
11:32:25: Added resource location './data/character/skins/human_female' of type 'FileSystem' to resource group 'Characters'
11:32:25: Added resource location './data/character/skins/human_male' of type 'FileSystem' to resource group 'Characters'
11:32:25: Added resource location './data/character/skins/cannibal_female' of type 'FileSystem' to resource group 'Characters'
11:32:25: Added resource location './data/character/skins/cannibal_male' of type 'FileSystem' to resource group 'Characters'
11:32:25: Added resource location './data/character/skins/stick_person' of type 'FileSystem' to resource group 'Characters'
11:32:25: Added resource location './data/character/skins/robot' of type 'FileSystem' to resource group 'Characters'
11:32:25: Added resource location './data/character/skins/Fishman' of type 'FileSystem' to resource group 'Characters'
11:32:25: Added resource location './data/character/meshes/bone' of type 'FileSystem' to resource group 'Characters'
11:32:25: Added resource location './data/character/meshes/human' of type 'FileSystem' to resource group 'Characters'
11:32:25: Added resource location './data/character/meshes/stick_person' of type 'FileSystem' to resource group 'Characters'
11:32:25: Added resource location './data/character/meshes/male_skeleton' of type 'FileSystem' to resource group 'Characters'
11:32:25: Added resource location './data/character/meshes/female_skeleton' of type 'FileSystem' to resource group 'Characters'
11:32:25: Added resource location './data/character/meshes/robot' of type 'FileSystem' to resource group 'Characters'
11:32:25: Added resource location './data/character/meshes/whistler' of type 'FileSystem' to resource group 'Characters'
11:32:25: Added resource location './data/character/meshes/fishman' of type 'FileSystem' to resource group 'Characters'
11:32:25: Creating resource group Editor
11:32:25: Added resource location './data/editor' of type 'FileSystem' to resource group 'Editor'
11:32:25: Creating resource group GUI
11:32:25: Added resource location './data/gui/' of type 'FileSystem' to resource group 'GUI'
11:32:25: Added resource location './data/gui/colours' of type 'FileSystem' to resource group 'GUI'
11:32:25: Added resource location './data/gui/core' of type 'FileSystem' to resource group 'GUI'
11:32:25: Added resource location './data/gui/fonts' of type 'FileSystem' to resource group 'GUI'
11:32:25: Added resource location './data/gui/gfx' of type 'FileSystem' to resource group 'GUI'
11:32:25: Added resource location './data/gui/images' of type 'FileSystem' to resource group 'GUI'
11:32:25: Added resource location './data/gui/layout' of type 'FileSystem' to resource group 'GUI'
11:32:25: Added resource location './data/gui/pointer' of type 'FileSystem' to resource group 'GUI'
11:32:25: Added resource location './data/gui/skins' of type 'FileSystem' to resource group 'GUI'
11:32:25: Added resource location './data/gui/templates' of type 'FileSystem' to resource group 'GUI'
11:32:25: Added resource location './data/gui/tuts' of type 'FileSystem' to resource group 'GUI'
11:32:25: Added resource location './data/materials/compositors' of type 'FileSystem' to resource group 'General'
11:32:25: Added resource location './data/materials/common' of type 'FileSystem' to resource group 'General'
11:32:25: Added resource location './data/materials' of type 'FileSystem' to resource group 'General'
11:32:25: Added resource location './data/materials/deferred' of type 'FileSystem' to resource group 'General'
11:32:25: Added resource location './data/materials/deferred/glsl' of type 'FileSystem' to resource group 'General'
11:32:25: Added resource location './data/materials/forward' of type 'FileSystem' to resource group 'General'
11:32:25: Added resource location './data/materials/post' of type 'FileSystem' to resource group 'General'
11:32:25: Added resource location './data/newland/Assets/Rocks' of type 'FileSystem' to resource group 'General'
11:32:25: Added resource location './data/newland/Assets/Things' of type 'FileSystem' to resource group 'General'
11:32:25: Added resource location './data/newland/Assets/Textures' of type 'FileSystem' to resource group 'General'
11:32:25: Added resource location './data/newland/Assets/Buildings' of type 'FileSystem' to resource group 'General'
11:32:25: Added resource location './data' of type 'FileSystem' to resource group 'General'
11:32:25: Added resource location './data/meshes' of type 'FileSystem' to resource group 'General'
11:32:25: Added resource location './data/meshes/distant' of type 'FileSystem' to resource group 'General'
11:32:25: Added resource location './data/buildings/Cannibal_Camp' of type 'FileSystem' to resource group 'General'
11:32:25: Added resource location './data/buildings/StormBuildings' of type 'FileSystem' to resource group 'General'
11:32:25: Added resource location './data/buildings/RebelCamp' of type 'FileSystem' to resource group 'General'
11:32:25: Added resource location './data/nature' of type 'FileSystem' to resource group 'General'
11:32:25: Added resource location './data/nature/sky' of type 'FileSystem' to resource group 'General'
11:32:25: Added resource location './data/buildings' of type 'FileSystem' to resource group 'General'
11:32:25: Added resource location './data/buildings/armsA' of type 'FileSystem' to resource group 'General'
11:32:25: Added resource location './data/buildings/Test01' of type 'FileSystem' to resource group 'General'
11:32:25: Added resource location './data/buildings/windmill' of type 'FileSystem' to resource group 'General'
11:32:25: Added resource location './data/buildings/hq' of type 'FileSystem' to resource group 'General'
11:32:25: Added resource location './data/buildings/houses' of type 'FileSystem' to resource group 'General'
11:32:25: Added resource location './data/buildings/misc' of type 'FileSystem' to resource group 'General'
11:32:25: Added resource location './data/buildings/crafting' of type 'FileSystem' to resource group 'General'
11:32:25: Added resource location './data/buildings/crafting/textures' of type 'FileSystem' to resource group 'General'
11:32:25: Added resource location './data/buildings/hangar' of type 'FileSystem' to resource group 'General'
11:32:25: Added resource location './data/buildings/tower' of type 'FileSystem' to resource group 'General'
11:32:25: Added resource location './data/buildings/techtowers' of type 'FileSystem' to resource group 'General'
11:32:25: Added resource location './data/buildings/resourcer' of type 'FileSystem' to resource group 'General'
11:32:25: Added resource location './data/buildings/walls' of type 'FileSystem' to resource group 'General'
11:32:25: Added resource location './data/buildings/materials' of type 'FileSystem' to resource group 'General'
11:32:25: Added resource location './data/buildings/materials/interiors' of type 'FileSystem' to resource group 'General'
11:32:25: Added resource location './data/buildings/materials/_tests' of type 'FileSystem' to resource group 'General'
11:32:25: Added resource location './data/buildings/materials/moor' of type 'FileSystem' to resource group 'General'
11:32:25: Added resource location './data/buildings/bunkerhouse' of type 'FileSystem' to resource group 'General'
11:32:25: Added resource location './data/buildings/bunkerhouse/combos' of type 'FileSystem' to resource group 'General'
11:32:25: Added resource location './data/buildings/bunkerhouse/combos/71' of type 'FileSystem' to resource group 'General'
11:32:25: Added resource location './data/buildings/blackmarket' of type 'FileSystem' to resource group 'General'
11:32:25: Added resource location './data/buildings/doors' of type 'FileSystem' to resource group 'General'
11:32:25: Added resource location './data/buildings/lights' of type 'FileSystem' to resource group 'General'
11:32:25: Added resource location './data/buildings/furniture' of type 'FileSystem' to resource group 'General'
11:32:25: Added resource location './data/buildings/furniture/materials' of type 'FileSystem' to resource group 'General'
11:32:25: Added resource location './data/buildings/mining/tex' of type 'FileSystem' to resource group 'General'
11:32:25: Added resource location './data/buildings/mining' of type 'FileSystem' to resource group 'General'
11:32:25: Added resource location './data/buildings/signs' of type 'FileSystem' to resource group 'General'
11:32:25: Added resource location './data/buildings/furniture/new_furniture01' of type 'FileSystem' to resource group 'General'
11:32:25: Added resource location './data/buildings/Metal_Buildings' of type 'FileSystem' to resource group 'General'
11:32:25: Added resource location './data/buildings/HIVE' of type 'FileSystem' to resource group 'General'
11:32:25: Added resource location './data/buildings/ScienceBuilding' of type 'FileSystem' to resource group 'General'
11:32:25: Added resource location './data/buildings/distant' of type 'FileSystem' to resource group 'General'
11:32:25: Added resource location './data/buildings/Crops/Meshes' of type 'FileSystem' to resource group 'General'
11:32:25: Added resource location './data/buildings/Crops/Textures' of type 'FileSystem' to resource group 'General'
11:32:25: Added resource location './data/items' of type 'FileSystem' to resource group 'General'
11:32:25: Added resource location './data/items/misc' of type 'FileSystem' to resource group 'General'
11:32:25: Added resource location './data/items/meshes' of type 'FileSystem' to resource group 'General'
11:32:25: Added resource location './data/items/armour' of type 'FileSystem' to resource group 'General'
11:32:25: Added resource location './data/items/armour/medplate' of type 'FileSystem' to resource group 'General'
11:32:25: Added resource location './data/items/armour/jacket' of type 'FileSystem' to resource group 'General'
11:32:25: Added resource location './data/items/armour/pants' of type 'FileSystem' to resource group 'General'
11:32:25: Added resource location './data/items/armour/boots' of type 'FileSystem' to resource group 'General'
11:32:25: Added resource location './data/items/armour/head' of type 'FileSystem' to resource group 'General'
11:32:25: Added resource location './data/items/armour/bags' of type 'FileSystem' to resource group 'General'
11:32:25: Added resource location './data/items/armour/coat' of type 'FileSystem' to resource group 'General'
11:32:25: Added resource location './data/items/armour/icons' of type 'FileSystem' to resource group 'General'
11:32:25: Added resource location './data/items/armour/gi' of type 'FileSystem' to resource group 'General'
11:32:25: Added resource location './data/items/armour/meshes' of type 'FileSystem' to resource group 'General'
11:32:25: Added resource location './data/items/armour/samurai01' of type 'FileSystem' to resource group 'General'
11:32:25: Added resource location './data/items/armour/barb' of type 'FileSystem' to resource group 'General'
11:32:25: Added resource location './data/items/armour/textures' of type 'FileSystem' to resource group 'General'
11:32:25: Added resource location './data/items/weapons' of type 'FileSystem' to resource group 'General'
11:32:25: Added resource location './data/items/weapons/phs' of type 'FileSystem' to resource group 'General'
11:32:25: Added resource location './data/items/weapons/crossbow' of type 'FileSystem' to resource group 'General'
11:32:25: Added resource location './data/items/materials' of type 'FileSystem' to resource group 'General'
11:32:25: Added resource location './data/items/nests' of type 'FileSystem' to resource group 'General'
11:32:25: Added resource location './data/items/weapons/icons' of type 'FileSystem' to resource group 'General'
11:32:25: Added resource location './data/items/weapons/mesh' of type 'FileSystem' to resource group 'General'
11:32:25: Added resource location './data/items/weapons/tex' of type 'FileSystem' to resource group 'General'
11:32:25: Added resource location './data/items/clothing' of type 'FileSystem' to resource group 'General'
11:32:25: Added resource location './data/items/undershirt' of type 'FileSystem' to resource group 'General'
11:32:25: Added resource location './data/items/handheld_lights' of type 'FileSystem' to resource group 'General'
11:32:25: Creating resource group Icons
11:32:25: Added resource location './data/icons' of type 'FileSystem' to resource group 'Icons'
11:32:25: Added resource location './data/icons/buildings' of type 'FileSystem' to resource group 'Icons'
11:32:25: Added resource location './data/items/icons' of type 'FileSystem' to resource group 'Icons'
11:32:25: Creating resource group Landscape
11:32:25: Added resource location './data/newland/land' of type 'FileSystem' to resource group 'Landscape'
11:32:25: Added resource location './data/newland/land/textures' of type 'FileSystem' to resource group 'Landscape'
11:32:25: Creating resource group Overlaymaps
11:32:25: Added resource location './data/newland/land/overlaymaps' of type 'FileSystem' to resource group 'Overlaymaps'
11:32:25: Added resource location './data/newland/land' of type 'FileSystem' to resource group 'Overlaymaps'
11:32:25: Creating resource group Particles
11:32:25: Added resource location './data/particles' of type 'FileSystem' to resource group 'Particles'
11:32:25: Added resource location './data/particles/media/core' of type 'FileSystem' to resource group 'Particles'
11:32:25: Added resource location './data/particles/scripts' of type 'FileSystem' to resource group 'Particles'
11:32:25: Added resource location './data/particles/materials' of type 'FileSystem' to resource group 'Particles'
11:32:25: Added resource location './data/particles/models' of type 'FileSystem' to resource group 'Particles'
11:32:25: Added resource location './data/particles/textures' of type 'FileSystem' to resource group 'Particles'
11:32:25: Creating resource group SkyX
11:32:25: Added resource location './data/materials/SkyX' of type 'FileSystem' to resource group 'SkyX'
11:32:25: Creating resource group foliage
11:32:25: Added resource location './data/foliage/temporary stuff/grass' of type 'FileSystem' to resource group 'foliage'
11:32:25: Added resource location './data/foliage/temporary stuff/trees2' of type 'FileSystem' to resource group 'foliage'
11:32:25: Added resource location './data/foliage/temporary stuff/trees' of type 'FileSystem' to resource group 'foliage'
11:32:25: Added resource location './data/foliage/temporary stuff' of type 'FileSystem' to resource group 'foliage'
11:32:25: Added resource location './data/foliage/Trees' of type 'FileSystem' to resource group 'foliage'
11:32:25: Added resource location './data/foliage/Textures' of type 'FileSystem' to resource group 'foliage'
11:32:25: Added resource location './data/foliage/grass' of type 'FileSystem' to resource group 'foliage'
11:32:25: Added resource location './data/foliage/rocks' of type 'FileSystem' to resource group 'foliage'
11:32:25: Added resource location './data/foliage' of type 'FileSystem' to resource group 'foliage'
11:32:25: Added resource location './data/newland/Assets/Plants' of type 'FileSystem' to resource group 'foliage'
11:32:25: Added resource location './data/foliage/grass/Colourmaps' of type 'FileSystem' to resource group 'foliage'
11:32:25: Added resource location './locale\zh_CN\gui\fonts' of type 'FileSystem' to resource group 'GUI'
11:32:25: Added resource location './locale\zh_CN' of type 'FileSystem' to resource group 'General'
11:32:25: Added resource location 'mods/KenshiTrainer' of type 'FileSystem' to resource group 'General'
11:32:25: Initialising resource group GUI
11:32:25: Parsing scripts for resource group GUI
11:32:25: Parsing script gui.compositor
11:32:25: Finished parsing scripts for resource group GUI
11:32:25: Creating resources for group GUI
11:32:25: All done
11:32:25: Camera aspect ratio: 1.6 (2560x1600)
11:32:25: Texture: Kenshi_UI.png: Loading 1 faces(PF_A8R8G8B8,1920x1080x1) with 0 generated mipmaps from Image. Internal format is PF_A8R8G8B8,1920x1080x1.
11:32:25: D3D11 : Loading 2D Texture, image name : 'Kenshi_UI.png' with 0 mip map levels
11:32:25: Texture: physSplash.jpg: Loading 1 faces(PF_R8G8B8,1024x768x1) with 0 generated mipmaps from Image. Internal format is PF_A8B8G8R8,1024x768x1.
11:32:25: D3D11 : Loading 2D Texture, image name : 'physSplash.jpg' with 0 mip map levels
11:32:26: Texture: lofi.png: Loading 1 faces(PF_R8G8B8,677x700x1) with 0 generated mipmaps from Image. Internal format is PF_A8B8G8R8,677x700x1.
11:32:26: D3D11 : Loading 2D Texture, image name : 'lofi.png' with 0 mip map levels
11:32:26: physics system initialise
11:32:26: AudioSystemGlobal::initialise
11:32:26: Texture: back.png: Loading 1 faces(PF_R8G8B8,50x50x1) with 0 generated mipmaps from Image. Internal format is PF_A8B8G8R8,50x50x1.
11:32:26: D3D11 : Loading 2D Texture, image name : 'back.png' with 0 mip map levels
11:32:46: Parsing scripts for resource group Autodetect
11:32:46: Finished parsing scripts for resource group Autodetect
11:32:46: Creating resources for group Autodetect
11:32:46: All done
11:32:46: Parsing scripts for resource group Blood
11:32:46: Finished parsing scripts for resource group Blood
11:32:46: Creating resources for group Blood
11:32:46: All done
11:32:46: Parsing scripts for resource group Bootstrap
11:32:46: Parsing script OgreCore.material
11:32:46: Parsing script OgreProfiler.material
11:32:46: Finished parsing scripts for resource group Bootstrap
11:32:46: Creating resources for group Bootstrap
11:32:46: All done
11:32:46: Parsing scripts for resource group Characters
11:32:46: Parsing script skimmer.material
11:32:46: Parsing script Robot_Variant01.material
11:32:46: Parsing script Fishman.material
11:32:46: Finished parsing scripts for resource group Characters
11:32:46: Creating resources for group Characters
11:32:46: All done
11:32:46: Parsing scripts for resource group Editor
11:32:46: Finished parsing scripts for resource group Editor
11:32:46: Creating resources for group Editor
11:32:46: All done
11:32:46: Parsing scripts for resource group General
11:32:46: Parsing script common.program
11:32:46: Parsing script rtwshadows.program
11:32:46: Parsing script shadows.program
11:32:46: Parsing script gbuffer.program
11:32:46: Parsing script objects.program
11:32:46: Parsing script skin.program
11:32:47: Parsing script basic.program
11:32:47: Parsing script basic2D.program
11:32:47: Parsing script mygui.program
11:32:47: Parsing script particles.program
11:32:47: Parsing script quad_vp.program
11:32:47: Parsing script Shaders.program
11:32:47: Parsing script interiormask.material
11:32:47: Parsing script rtwshadows.material
11:32:47: Parsing script shadows.material
11:32:47: Parsing script debug.material
11:32:47: Parsing script birds.material
11:32:47: Parsing script buildings.material
11:32:47: Parsing script character.material
11:32:47: Parsing script construction.material
11:32:47: Parsing script creature.material
11:32:47: Parsing script deferred.material
11:32:48: Parsing script distant_town.material
11:32:48: Parsing script foliage.material
11:32:48: Parsing script mapfeature.material
11:32:49: Parsing script objects.material
11:32:49: Parsing script skin.material
11:32:49: Parsing script terrain.material
11:32:49: Parsing script water.material
11:32:49: Parsing script moon.material
11:32:49: Parsing script nodes.material
11:32:49: Parsing script previewbuilding.material
11:32:49: Parsing script rtticons.material
11:32:49: OGRE EXCEPTION(2:InvalidParametersException): Parameter called threshold does not exist.  in GpuProgramParameters::_findNamedConstantDefinition at ..\..\OgreMain\src\OgreGpuProgramParams.cpp (line 2214)
11:32:49: Compiler error: invalid parameters in rtticons.material(11): setting of constant failed
11:32:49: Parsing script water.material
11:32:49: Parsing script atmospherefog.material
11:32:49: Parsing script fog.material
11:32:49: OGRE EXCEPTION(2:InvalidParametersException): Parameter called worldMatrix does not exist.  in GpuProgramParameters::_findNamedConstantDefinition at ..\..\OgreMain\src\OgreGpuProgramParams.cpp (line 2214)
11:32:49: Compiler error: invalid parameters in fog.material(47): setting of constant failed
11:32:49: Parsing script FXAA.material
11:32:50: Parsing script hdr.material
11:32:50: Parsing script SSAO_Test.material
11:32:50: Parsing script crate.material
11:32:50: Parsing script nth.material
11:32:50: Parsing script walls.material
11:32:50: Parsing script dummy.material
11:32:50: Parsing script mill.material
11:32:50: Parsing script nth.material
11:32:50: Parsing script h.material
11:32:50: Parsing script hq.material
11:32:50: Parsing script ntaeoh.material
11:32:50: Parsing script nth.material
11:32:50: Parsing script t.material
11:32:50: Parsing script nth.material
11:32:50: Parsing script nh.material
11:32:50: Parsing script nth.material
11:32:50: Parsing script th.material
11:32:50: Parsing script nth.material
11:32:50: Parsing script oaue.material
11:32:50: Parsing script nth.material
11:32:50: Parsing script nth.material
11:32:50: Parsing script nth.material
11:32:50: Parsing script nth.material
11:32:50: Parsing script indoor_lamp2.material
11:32:50: Parsing script nth.material
11:32:50: Parsing script hair.material
11:32:50: Parsing script medkit.material
11:32:50: Parsing script Item_Book.material
11:32:50: Parsing script medkit.material
11:32:50: Parsing script crossbow02.material
11:32:50: Parsing script nth.material
11:32:50: Parsing script th.material
11:32:50: Parsing script charedit.compositor
11:32:50: Parsing script main.compositor
11:32:50: Parsing script post.compositor
11:32:50: Parsing script rtt.compositor
11:32:50: Parsing script workspace.compositor
11:32:50: Parsing script heathaze.compositor
11:32:50: Parsing script rtwdebug.compositor
11:32:50: Finished parsing scripts for resource group General
11:32:50: Creating resources for group General
11:32:50: All done
11:32:50: Parsing scripts for resource group Icons
11:32:50: Finished parsing scripts for resource group Icons
11:32:50: Creating resources for group Icons
11:32:50: All done
11:32:50: Parsing scripts for resource group Internal
11:32:50: Finished parsing scripts for resource group Internal
11:32:50: Creating resources for group Internal
11:32:50: All done
11:32:50: Parsing scripts for resource group Landscape
11:32:50: Finished parsing scripts for resource group Landscape
11:32:50: Creating resources for group Landscape
11:32:50: All done
11:32:50: Parsing scripts for resource group Overlaymaps
11:32:50: Finished parsing scripts for resource group Overlaymaps
11:32:50: Creating resources for group Overlaymaps
11:32:50: All done
11:32:50: Parsing scripts for resource group Particles
11:32:50: Parsing script Acid-burn01.material
11:32:50: Parsing script Acid-burn02.material
11:32:50: Parsing script Acid-burn03.material
11:32:50: Parsing script Ash-Flake_DArK.material
11:32:50: Parsing script Ash-Flake_Light.material
11:32:50: Parsing script Ash_Flakez_01.material
11:32:50: Parsing script Ash_Flakez_02.material
11:32:50: Parsing script Ash_Flakez_03.material
11:32:50: Parsing script Ash_Flakez_Black_01.material
11:32:50: Parsing script Ash_Flakez_Black_02.material
11:32:50: Parsing script Ash_Flakez_Black_03.material
11:32:50: Parsing script Beam.material
11:32:50: Parsing script Bloodsplash01_A.material
11:32:50: Parsing script Bloodsplash01_B.material
11:32:50: Parsing script Bloodsplash01_C.material
11:32:50: Parsing script Bloodsplash01_D.material
11:32:50: Parsing script Desert-dust-swirls.material
11:32:50: Parsing script Desert-Volcano.material
11:32:50: Parsing script DesertCloudStorm.material
11:32:50: Parsing script DesertCloudStorm_Mite.material
11:32:50: Parsing script DesertDetritus01.material
11:32:50: Parsing script Drifting-foliage01.material
11:32:50: Parsing script Drifting-foliage02.material
11:32:50: Parsing script Drifting-foliage03.material
11:32:50: Parsing script Drifting-foliage04.material
11:32:50: Parsing script Drifting-foliage05.material
11:32:50: Parsing script Drifting-foliage06.material
11:32:50: Parsing script Drifting-foliage07.material
11:32:50: Parsing script Dustkick01.material
11:32:50: Parsing script Dustkick_streak.material
11:32:50: Parsing script DustMite.material
11:32:50: Parsing script DustMite_brighter.material
11:32:50: Parsing script DustMite_DESERT.material
11:32:50: Parsing script Flame1.material
11:32:50: Parsing script Flame2.material
11:32:50: Parsing script Flame3.material
11:32:50: Parsing script FlameBall01.material
11:32:50: Parsing script FlameBlur_01.material
11:32:50: Parsing script Fly_particle.material
11:32:50: Parsing script Footsplash[A].material
11:32:50: Parsing script Footsplash[B].material
11:32:50: Parsing script Footsplash[C].material
11:32:50: Parsing script Haboob_Finger.material
11:32:50: Parsing script kenshi_ash_particle1.material
11:32:50: Parsing script Kenshi_black_rain.material
11:32:50: Parsing script kenshi_dustparticle1.material
11:32:50: Parsing script kenshi_dustparticle2.material
11:32:50: Parsing script kenshi_fire_flame1.material
11:32:50: Parsing script kenshi_lightning.material
11:32:50: Parsing script kenshi_lightning2.material
11:32:50: Parsing script kenshi_light_beam1.material
11:32:50: Parsing script kenshi_light_point1.material
11:32:50: Parsing script Kenshi_Mist_Cloud.material
11:32:50: Parsing script kenshi_rain1.material
11:32:50: Parsing script Kenshi_rain_basic.material
11:32:50: Parsing script Kenshi_rain_basic_red.material
11:32:50: Parsing script Kenshi_Rain_RED.material
11:32:50: Parsing script Kenshi_Rain_Splash_basepart.material
11:32:50: Parsing script kenshi_smoke1.material
11:32:50: Parsing script kenshi_smoke2_add.material
11:32:50: Parsing script Lightning Bolt 2.material
11:32:50: Parsing script Lightning_Bolt.material
11:32:50: Parsing script Long-Wisp.material
11:32:50: Parsing script Sand-Wisp.material
11:32:50: Parsing script SMALL_SINGLE_FLAME.material
11:32:50: Parsing script Snaking-Wisps-Vertical.material
11:32:50: Parsing script Snaking-Wisps.material
11:32:50: Parsing script Spark.material
11:32:50: Parsing script Splatt01.material
11:32:50: Parsing script Splatt02.material
11:32:50: Parsing script Splatt03.material
11:32:50: Parsing script Splatt04.material
11:32:50: Parsing script Splat_Frame01.material
11:32:51: Parsing script Splat_Frame02.material
11:32:51: Parsing script Splat_Frame03.material
11:32:51: Parsing script Splat_Frame04.material
11:32:51: Parsing script Splat_Frame05.material
11:32:51: Parsing script Splat_Frame06.material
11:32:51: Parsing script steam-vent-Top.material
11:32:51: Parsing script steam-vent_Base.material
11:32:51: Parsing script steam_particle.material
11:32:51: Parsing script StoneDebris.material
11:32:51: Parsing script stones.material
11:32:51: Parsing script Ticker01.material
11:32:51: Parsing script Ticker02.material
11:32:51: Parsing script Ticker03.material
11:32:51: Parsing script Twister-Chuff01.material
11:32:51: Parsing script Twister-Large-Dust.material
11:32:51: Parsing script Twister_chuff_Desert.material
11:32:51: Parsing script Twister_chuff_Desert_brighter.material
11:32:51: Parsing script Wade-base.material
11:32:51: Parsing script Wade-residue.material
11:32:51: Parsing script Wade-splashes.material
11:32:51: Parsing script Acid-burn.pu
11:32:51: Compiler error: unknown error in Acid-burn.pu(1): token class, system, unrecognized.
11:32:51: Compiler error: unknown error in Acid-burn.pu(14): token class, renderer, unrecognized.
11:32:51: Compiler error: unknown error in Acid-burn.pu(20): token class, emission_rate, unrecognized.
11:32:51: Compiler error: unknown error in Acid-burn.pu(26): token class, time_to_live, unrecognized.
11:32:51: Compiler error: unknown error in Acid-burn.pu(31): token class, velocity, unrecognized.
11:32:51: Compiler error: unknown error in Acid-burn.pu(42): token class, xyz_scale, unrecognized.
11:32:51: Compiler error: unknown error in Acid-burn.pu(60): token class, xyz_scale, unrecognized.
11:32:51: Compiler error: unknown error in Acid-burn.pu(68): token class, rotation, unrecognized.
11:32:51: Compiler error: unknown error in Acid-burn.pu(73): token class, rotation_speed, unrecognized.
11:32:51: Compiler error: unknown error in Acid-burn.pu(91): token class, renderer, unrecognized.
11:32:51: Compiler error: unknown error in Acid-burn.pu(96): token class, emission_rate, unrecognized.
11:32:51: Compiler error: unknown error in Acid-burn.pu(102): token class, time_to_live, unrecognized.
11:32:51: Compiler error: unknown error in Acid-burn.pu(107): token class, velocity, unrecognized.
11:32:51: Compiler error: unknown error in Acid-burn.pu(117): token class, xyz_scale, unrecognized.
11:32:51: Compiler error: unknown error in Acid-burn.pu(135): token class, xyz_scale, unrecognized.
11:32:51: Compiler error: unknown error in Acid-burn.pu(143): token class, rotation, unrecognized.
11:32:51: Compiler error: unknown error in Acid-burn.pu(148): token class, rotation_speed, unrecognized.
11:32:51: Compiler error: unknown error in Acid-burn.pu(166): token class, renderer, unrecognized.
11:32:51: Compiler error: unknown error in Acid-burn.pu(171): token class, emission_rate, unrecognized.
11:32:51: Compiler error: unknown error in Acid-burn.pu(177): token class, time_to_live, unrecognized.
11:32:51: Compiler error: unknown error in Acid-burn.pu(182): token class, velocity, unrecognized.
11:32:51: Compiler error: unknown error in Acid-burn.pu(192): token class, xyz_scale, unrecognized.
11:32:51: Compiler error: unknown error in Acid-burn.pu(210): token class, xyz_scale, unrecognized.
11:32:51: Compiler error: unknown error in Acid-burn.pu(218): token class, rotation_speed, unrecognized.
11:32:51: ParticleUniverse: Particle System Template 'Acid-burn' registered
11:32:51: Texture: Acid-burn01.png: Loading 1 faces(PF_R8G8B8,512x512x1) with 9 generated mipmaps from Image. Internal format is PF_A8B8G8R8,512x512x1.
11:32:51: D3D11 : Loading 2D Texture, image name : 'Acid-burn01.png' with 9 mip map levels
11:32:51: Texture: Acid-burn02.png: Loading 1 faces(PF_R8G8B8,512x512x1) with 9 generated mipmaps from Image. Internal format is PF_A8B8G8R8,512x512x1.
11:32:51: D3D11 : Loading 2D Texture, image name : 'Acid-burn02.png' with 9 mip map levels
11:32:51: Texture: Acid-burn03.png: Loading 1 faces(PF_R8G8B8,512x512x1) with 9 generated mipmaps from Image. Internal format is PF_A8B8G8R8,512x512x1.
11:32:51: D3D11 : Loading 2D Texture, image name : 'Acid-burn03.png' with 9 mip map levels
11:32:51: Parsing script Ashland_MultiFlakes.pu
11:32:51: Compiler error: unknown error in Ashland_MultiFlakes.pu(1): token class, system, unrecognized.
11:32:51: Compiler error: unknown error in Ashland_MultiFlakes.pu(11): token class, renderer, unrecognized.
11:32:51: Compiler error: unknown error in Ashland_MultiFlakes.pu(19): token class, mass, unrecognized.
11:32:51: Compiler error: unknown error in Ashland_MultiFlakes.pu(24): token class, velocity, unrecognized.
11:32:51: Compiler error: unknown error in Ashland_MultiFlakes.pu(49): token class, renderer, unrecognized.
11:32:51: Compiler error: unknown error in Ashland_MultiFlakes.pu(57): token class, velocity, unrecognized.
11:32:51: Compiler error: unknown error in Ashland_MultiFlakes.pu(78): token class, renderer, unrecognized.
11:32:51: Compiler error: unknown error in Ashland_MultiFlakes.pu(86): token class, velocity, unrecognized.
11:32:51: Compiler error: unknown error in Ashland_MultiFlakes.pu(107): token class, renderer, unrecognized.
11:32:51: Compiler error: unknown error in Ashland_MultiFlakes.pu(115): token class, velocity, unrecognized.
11:32:51: ParticleUniverse: Particle System Template 'Ash-Flakes_Light' registered
11:32:51: Texture: Ash-Flake_Light.png: Loading 1 faces(PF_A8R8G8B8,128x128x1) with 7 generated mipmaps from Image. Internal format is PF_A8R8G8B8,128x128x1.
11:32:51: D3D11 : Loading 2D Texture, image name : 'Ash-Flake_Light.png' with 7 mip map levels
11:32:51: Texture: Ash_Flakez_01.png: Loading 1 faces(PF_R8G8B8,128x128x1) with 7 generated mipmaps from Image. Internal format is PF_A8B8G8R8,128x128x1.
11:32:51: D3D11 : Loading 2D Texture, image name : 'Ash_Flakez_01.png' with 7 mip map levels
11:32:51: Texture: Ash_Flakez_02.png: Loading 1 faces(PF_R8G8B8,128x128x1) with 7 generated mipmaps from Image. Internal format is PF_A8B8G8R8,128x128x1.
11:32:51: D3D11 : Loading 2D Texture, image name : 'Ash_Flakez_02.png' with 7 mip map levels
11:32:51: Texture: Ash_Flakez_03.png: Loading 1 faces(PF_R8G8B8,128x128x1) with 7 generated mipmaps from Image. Internal format is PF_A8B8G8R8,128x128x1.
11:32:51: D3D11 : Loading 2D Texture, image name : 'Ash_Flakez_03.png' with 7 mip map levels
11:32:51: Parsing script Ash_Flakez_Black.pu
11:32:51: Compiler error: unknown error in Ash_Flakez_Black.pu(1): token class, system, unrecognized.
11:32:51: Compiler error: unknown error in Ash_Flakez_Black.pu(10): token class, renderer, unrecognized.
11:32:51: Compiler error: unknown error in Ash_Flakez_Black.pu(16): token class, emission_rate, unrecognized.
11:32:51: Compiler error: unknown error in Ash_Flakez_Black.pu(22): token class, mass, unrecognized.
11:32:51: Compiler error: unknown error in Ash_Flakez_Black.pu(27): token class, velocity, unrecognized.
11:32:51: Compiler error: unknown error in Ash_Flakez_Black.pu(32): token class, all_particle_dimensions, unrecognized.
11:32:51: Compiler error: unknown error in Ash_Flakez_Black.pu(53): token class, renderer, unrecognized.
11:32:51: Compiler error: unknown error in Ash_Flakez_Black.pu(59): token class, emission_rate, unrecognized.
11:32:51: Compiler error: unknown error in Ash_Flakez_Black.pu(65): token class, mass, unrecognized.
11:32:51: Compiler error: unknown error in Ash_Flakez_Black.pu(70): token class, velocity, unrecognized.
11:32:51: Compiler error: unknown error in Ash_Flakez_Black.pu(75): token class, all_particle_dimensions, unrecognized.
11:32:51: Compiler error: unknown error in Ash_Flakez_Black.pu(96): token class, renderer, unrecognized.
11:32:51: Compiler error: unknown error in Ash_Flakez_Black.pu(102): token class, emission_rate, unrecognized.
11:32:51: Compiler error: unknown error in Ash_Flakez_Black.pu(108): token class, mass, unrecognized.
11:32:51: Compiler error: unknown error in Ash_Flakez_Black.pu(113): token class, velocity, unrecognized.
11:32:51: Compiler error: unknown error in Ash_Flakez_Black.pu(118): token class, all_particle_dimensions, unrecognized.
11:32:51: ParticleUniverse: Particle System Template 'Ash_Flakez_Black' registered
11:32:51: Texture: Ash_Flakez_Black_01.png: Loading 1 faces(PF_A8R8G8B8,128x128x1) with 7 generated mipmaps from Image. Internal format is PF_A8R8G8B8,128x128x1.
11:32:51: D3D11 : Loading 2D Texture, image name : 'Ash_Flakez_Black_01.png' with 7 mip map levels
11:32:51: Texture: Ash_Flakez_Black_02.png: Loading 1 faces(PF_A8R8G8B8,128x128x1) with 7 generated mipmaps from Image. Internal format is PF_A8R8G8B8,128x128x1.
11:32:51: D3D11 : Loading 2D Texture, image name : 'Ash_Flakez_Black_02.png' with 7 mip map levels
11:32:51: Texture: Ash_Flakez_Black_03.png: Loading 1 faces(PF_A8R8G8B8,128x128x1) with 7 generated mipmaps from Image. Internal format is PF_A8R8G8B8,128x128x1.
11:32:51: D3D11 : Loading 2D Texture, image name : 'Ash_Flakez_Black_03.png' with 7 mip map levels
11:32:51: Parsing script bigblacksmoke.pu
11:32:51: Compiler error: unknown error in bigblacksmoke.pu(1): token class, system, unrecognized.
11:32:51: Compiler error: unknown error in bigblacksmoke.pu(10): token class, renderer, unrecognized.
11:32:51: Compiler error: unknown error in bigblacksmoke.pu(17): token class, time_to_live, unrecognized.
11:32:51: Compiler error: unknown error in bigblacksmoke.pu(22): token class, velocity, unrecognized.
11:32:51: Compiler error: unknown error in bigblacksmoke.pu(27): token class, all_particle_dimensions, unrecognized.
11:32:51: Compiler error: unknown error in bigblacksmoke.pu(45): token class, xyz_scale, unrecognized.
11:32:51: Compiler error: unknown error in bigblacksmoke.pu(53): token class, rotation, unrecognized.
11:32:51: ParticleUniverse: Particle System Template 'bigblacksmoke' registered
11:32:51: D3D11 : Loading 2D Texture, image name : 'smoke_trans1.dds' with 255 mip map levels
11:32:51: D3D11 : Loading 2D Texture, image name : 'smoke_trans1.dds' with 9 mip map levels
11:32:51: Parsing script Bloodsplash01.pu
11:32:51: Compiler error: unknown error in Bloodsplash01.pu(1): token class, system, unrecognized.
11:32:51: Compiler error: unknown error in Bloodsplash01.pu(15): token class, renderer, unrecognized.
11:32:51: Compiler error: unknown error in Bloodsplash01.pu(27): token class, xyz_scale, unrecognized.
11:32:51: Compiler error: unknown error in Bloodsplash01.pu(52): token class, renderer, unrecognized.
11:32:51: Compiler error: unknown error in Bloodsplash01.pu(72): token class, x_scale, unrecognized.
11:32:51: Compiler error: unknown error in Bloodsplash01.pu(90): token class, renderer, unrecognized.
11:32:51: Compiler error: unknown error in Bloodsplash01.pu(102): token class, xyz_scale, unrecognized.
11:32:51: Compiler error: unknown error in Bloodsplash01.pu(125): token class, rotation, unrecognized.
11:32:51: Compiler error: unknown error in Bloodsplash01.pu(130): token class, rotation_speed, unrecognized.
11:32:51: Compiler error: unknown error in Bloodsplash01.pu(149): token class, renderer, unrecognized.
11:32:51: Compiler error: unknown error in Bloodsplash01.pu(155): token class, time_to_live, unrecognized.
11:32:51: Compiler error: unknown error in Bloodsplash01.pu(165): token class, xyz_scale, unrecognized.
11:32:51: Compiler error: unknown error in Bloodsplash01.pu(182): token class, rotation, unrecognized.
11:32:51: Compiler error: unknown error in Bloodsplash01.pu(187): token class, rotation_speed, unrecognized.
11:32:51: ParticleUniverse: Particle System Template 'Bloodsplash01' registered
11:32:51: Texture: BloodSplash01_DIF.png: Loading 1 faces(PF_A8R8G8B8,2048x2048x1) with 11 generated mipmaps from Image. Internal format is PF_A8R8G8B8,2048x2048x1.
11:32:51: D3D11 : Loading 2D Texture, image name : 'BloodSplash01_DIF.png' with 11 mip map levels
11:32:51: Texture: BloodSplash02_DIF.png: Loading 1 faces(PF_A8R8G8B8,2048x2048x1) with 11 generated mipmaps from Image. Internal format is PF_A8R8G8B8,2048x2048x1.
11:32:51: D3D11 : Loading 2D Texture, image name : 'BloodSplash02_DIF.png' with 11 mip map levels
11:32:51: Texture: BloodSplash03_DIF.png: Loading 1 faces(PF_A8R8G8B8,2048x2048x1) with 11 generated mipmaps from Image. Internal format is PF_A8R8G8B8,2048x2048x1.
11:32:51: D3D11 : Loading 2D Texture, image name : 'BloodSplash03_DIF.png' with 11 mip map levels
11:32:51: Texture: BloodSplash04_DIF.png: Loading 1 faces(PF_A8R8G8B8,2048x2048x1) with 11 generated mipmaps from Image. Internal format is PF_A8R8G8B8,2048x2048x1.
11:32:51: D3D11 : Loading 2D Texture, image name : 'BloodSplash04_DIF.png' with 11 mip map levels
11:32:51: Parsing script BloodSpurtAnim01.pu
11:32:51: Compiler error: unknown error in BloodSpurtAnim01.pu(1): token class, system, unrecognized.
11:32:51: Compiler error: unknown error in BloodSpurtAnim01.pu(15): token class, renderer, unrecognized.
11:32:51: Compiler error: unknown error in BloodSpurtAnim01.pu(28): token class, xyz_scale, unrecognized.
11:32:51: Compiler error: unknown error in BloodSpurtAnim01.pu(53): token class, renderer, unrecognized.
11:32:51: Compiler error: unknown error in BloodSpurtAnim01.pu(74): token class, x_scale, unrecognized.
11:32:51: Compiler error: unknown error in BloodSpurtAnim01.pu(92): token class, renderer, unrecognized.
11:32:51: Compiler error: unknown error in BloodSpurtAnim01.pu(105): token class, xyz_scale, unrecognized.
11:32:51: Compiler error: unknown error in BloodSpurtAnim01.pu(139): token class, renderer, unrecognized.
11:32:51: Compiler error: unknown error in BloodSpurtAnim01.pu(151): token class, xyz_scale, unrecognized.
11:32:51: Compiler error: unknown error in BloodSpurtAnim01.pu(177): token class, renderer, unrecognized.
11:32:51: Compiler error: unknown error in BloodSpurtAnim01.pu(189): token class, xyz_scale, unrecognized.
11:32:51: Compiler error: unknown error in BloodSpurtAnim01.pu(214): token class, renderer, unrecognized.
11:32:51: Compiler error: unknown error in BloodSpurtAnim01.pu(225): token class, xyz_scale, unrecognized.
11:32:51: Compiler error: unknown error in BloodSpurtAnim01.pu(231): token class, x_scale, unrecognized.
11:32:51: ParticleUniverse: Particle System Template 'BloodSpurtAnim01' registered
11:32:51: Texture: Blood_Animation8Frames03.png: Loading 1 faces(PF_A8R8G8B8,2048x2048x1) with 11 generated mipmaps from Image. Internal format is PF_A8R8G8B8,2048x2048x1.
11:32:51: D3D11 : Loading 2D Texture, image name : 'Blood_Animation8Frames03.png' with 11 mip map levels
11:32:51: Texture: Blood_Animation8Frames04.png: Loading 1 faces(PF_A8R8G8B8,2048x2048x1) with 11 generated mipmaps from Image. Internal format is PF_A8R8G8B8,2048x2048x1.
11:32:51: D3D11 : Loading 2D Texture, image name : 'Blood_Animation8Frames04.png' with 11 mip map levels
11:32:51: Texture: Blood_Animation8Frames05.png: Loading 1 faces(PF_A8R8G8B8,2048x2048x1) with 11 generated mipmaps from Image. Internal format is PF_A8R8G8B8,2048x2048x1.
11:32:51: D3D11 : Loading 2D Texture, image name : 'Blood_Animation8Frames05.png' with 11 mip map levels
11:32:51: Texture: Blood_Animation8Frames06.png: Loading 1 faces(PF_A8R8G8B8,2048x2048x1) with 11 generated mipmaps from Image. Internal format is PF_A8R8G8B8,2048x2048x1.
11:32:51: D3D11 : Loading 2D Texture, image name : 'Blood_Animation8Frames06.png' with 11 mip map levels
11:32:51: Texture: Blood_Animation8Frames07.png: Loading 1 faces(PF_A8R8G8B8,2048x2048x1) with 11 generated mipmaps from Image. Internal format is PF_A8R8G8B8,2048x2048x1.
11:32:51: D3D11 : Loading 2D Texture, image name : 'Blood_Animation8Frames07.png' with 11 mip map levels
11:32:51: Texture: Blood_Animation8Frames08.png: Loading 1 faces(PF_A8R8G8B8,2048x2048x1) with 11 generated mipmaps from Image. Internal format is PF_A8R8G8B8,2048x2048x1.
11:32:51: D3D11 : Loading 2D Texture, image name : 'Blood_Animation8Frames08.png' with 11 mip map levels
11:32:51: Parsing script BloodSpurter.pu
11:32:51: Compiler error: unknown error in BloodSpurter.pu(1): token class, system, unrecognized.
11:32:51: Compiler error: unknown error in BloodSpurter.pu(9): token class, renderer, unrecognized.
11:32:51: Compiler error: unknown error in BloodSpurter.pu(17): token class, velocity, unrecognized.
11:32:51: Compiler error: unknown error in BloodSpurter.pu(30): token class, xyz_scale, unrecognized.
11:32:51: Compiler error: unknown error in BloodSpurter.pu(41): token class, rotation, unrecognized.
11:32:51: Compiler error: unknown error in BloodSpurter.pu(46): token class, rotation_speed, unrecognized.
11:32:51: ParticleUniverse: Particle System Template 'Bloodspurter01' registered
11:32:51: Parsing script Desert-dust-swirls.pu
11:32:51: Compiler error: unknown error in Desert-dust-swirls.pu(1): token class, system, unrecognized.
11:32:51: Compiler error: unknown error in Desert-dust-swirls.pu(16): token class, renderer, unrecognized.
11:32:51: Compiler error: unknown error in Desert-dust-swirls.pu(22): token class, emission_rate, unrecognized.
11:32:51: Compiler error: unknown error in Desert-dust-swirls.pu(28): token class, time_to_live, unrecognized.
11:32:51: Compiler error: unknown error in Desert-dust-swirls.pu(33): token class, mass, unrecognized.
11:32:51: Compiler error: unknown error in Desert-dust-swirls.pu(38): token class, velocity, unrecognized.
11:32:51: Compiler error: unknown error in Desert-dust-swirls.pu(49): token class, rotation_speed, unrecognized.
11:32:51: Compiler error: unknown error in Desert-dust-swirls.pu(57): token class, rotation, unrecognized.
11:32:51: Compiler error: unknown error in Desert-dust-swirls.pu(62): token class, rotation_speed, unrecognized.
11:32:51: Compiler error: unknown error in Desert-dust-swirls.pu(84): token class, xyz_scale, unrecognized.
11:32:51: Compiler error: unknown error in Desert-dust-swirls.pu(105): token class, acceleration, unrecognized.
11:32:51: ParticleUniverse: Particle System Template 'Desert-dust-swirls' registered
11:32:51: Texture: Sand-Wisp_LIGHT.png: Loading 1 faces(PF_A8R8G8B8,512x512x1) with 9 generated mipmaps from Image. Internal format is PF_A8R8G8B8,512x512x1.
11:32:51: D3D11 : Loading 2D Texture, image name : 'Sand-Wisp_LIGHT.png' with 9 mip map levels
11:32:51: Parsing script Desert-Sand-Strings.pu
11:32:51: Compiler error: unknown error in Desert-Sand-Strings.pu(1): token class, system, unrecognized.
11:32:51: Compiler error: unknown error in Desert-Sand-Strings.pu(12): token class, renderer, unrecognized.
11:32:51: Compiler error: unknown error in Desert-Sand-Strings.pu(18): token class, emission_rate, unrecognized.
11:32:51: Compiler error: unknown error in Desert-Sand-Strings.pu(26): token class, angle, unrecognized.
11:32:51: Compiler error: unknown error in Desert-Sand-Strings.pu(34): token class, time_to_live, unrecognized.
11:32:51: Compiler error: unknown error in Desert-Sand-Strings.pu(53): token class, rotation_speed, unrecognized.
11:32:51: Compiler error: unknown error in Desert-Sand-Strings.pu(68): token class, xyz_scale, unrecognized.
11:32:51: ParticleUniverse: Particle System Template 'Desert-Sand-Strings' registered
11:32:51: Parsing script DesertCloudStorm.pu
11:32:51: Compiler error: unknown error in DesertCloudStorm.pu(1): token class, system, unrecognized.
11:32:51: Compiler error: unknown error in DesertCloudStorm.pu(18): token class, renderer, unrecognized.
11:32:51: Compiler error: unknown error in DesertCloudStorm.pu(23): token class, emission_rate, unrecognized.
11:32:51: Compiler error: unknown error in DesertCloudStorm.pu(31): token class, time_to_live, unrecognized.
11:32:51: Compiler error: unknown error in DesertCloudStorm.pu(36): token class, velocity, unrecognized.
11:32:51: Compiler error: unknown error in DesertCloudStorm.pu(41): token class, duration, unrecognized.
11:32:51: Compiler error: unknown error in DesertCloudStorm.pu(51): token class, rotation, unrecognized.
11:32:51: Compiler error: unknown error in DesertCloudStorm.pu(56): token class, rotation_speed, unrecognized.
11:32:51: Compiler error: unknown error in DesertCloudStorm.pu(70): token class, xyz_scale, unrecognized.
11:32:51: Compiler error: unknown error in DesertCloudStorm.pu(80): token class, rotation_speed, unrecognized.
11:32:51: Compiler error: unknown error in DesertCloudStorm.pu(86): token class, observer, unrecognized.
11:32:51: Compiler error: unknown error in DesertCloudStorm.pu(104): token class, renderer, unrecognized.
11:32:51: Compiler error: unknown error in DesertCloudStorm.pu(109): token class, emission_rate, unrecognized.
11:32:51: Compiler error: unknown error in DesertCloudStorm.pu(117): token class, time_to_live, unrecognized.
11:32:51: Compiler error: unknown error in DesertCloudStorm.pu(122): token class, velocity, unrecognized.
11:32:51: Compiler error: unknown error in DesertCloudStorm.pu(127): token class, duration, unrecognized.
11:32:51: Compiler error: unknown error in DesertCloudStorm.pu(137): token class, rotation, unrecognized.
11:32:51: Compiler error: unknown error in DesertCloudStorm.pu(142): token class, rotation_speed, unrecognized.
11:32:51: Compiler error: unknown error in DesertCloudStorm.pu(161): token class, xyz_scale, unrecognized.
11:32:51: Compiler error: unknown error in DesertCloudStorm.pu(175): token class, renderer, unrecognized.
11:32:51: Compiler error: unknown error in DesertCloudStorm.pu(180): token class, emission_rate, unrecognized.
11:32:51: Compiler error: unknown error in DesertCloudStorm.pu(189): token class, time_to_live, unrecognized.
11:32:51: Compiler error: unknown error in DesertCloudStorm.pu(194): token class, velocity, unrecognized.
11:32:51: Compiler error: unknown error in DesertCloudStorm.pu(199): token class, duration, unrecognized.
11:32:51: Compiler error: unknown error in DesertCloudStorm.pu(204): token class, all_particle_dimensions, unrecognized.
11:32:51: Compiler error: unknown error in DesertCloudStorm.pu(223): token class, rotation_speed, unrecognized.
11:32:51: Compiler error: unknown error in DesertCloudStorm.pu(241): token class, rotation, unrecognized.
11:32:51: Compiler error: unknown error in DesertCloudStorm.pu(246): token class, rotation_speed, unrecognized.
11:32:51: ParticleUniverse: Particle System Template 'DesertCloudStorm' registered
11:32:51: Texture: DustMite_DESERT.png: Loading 1 faces(PF_A8R8G8B8,512x512x1) with 9 generated mipmaps from Image. Internal format is PF_A8R8G8B8,512x512x1.
11:32:51: D3D11 : Loading 2D Texture, image name : 'DustMite_DESERT.png' with 9 mip map levels
11:32:51: Texture: DustMite.png: Loading 1 faces(PF_A8R8G8B8,512x512x1) with 9 generated mipmaps from Image. Internal format is PF_A8R8G8B8,512x512x1.
11:32:51: D3D11 : Loading 2D Texture, image name : 'DustMite.png' with 9 mip map levels
11:32:51: Parsing script DesertDetritus01.pu
11:32:51: Compiler error: unknown error in DesertDetritus01.pu(1): token class, system, unrecognized.
11:32:51: Compiler error: unknown error in DesertDetritus01.pu(15): token class, renderer, unrecognized.
11:32:51: Compiler error: unknown error in DesertDetritus01.pu(21): token class, emission_rate, unrecognized.
11:32:51: Compiler error: unknown error in DesertDetritus01.pu(27): token class, time_to_live, unrecognized.
11:32:51: Compiler error: unknown error in DesertDetritus01.pu(32): token class, velocity, unrecognized.
11:32:51: Compiler error: unknown error in DesertDetritus01.pu(42): token class, xyz_scale, unrecognized.
11:32:51: Compiler error: unknown error in DesertDetritus01.pu(61): token class, rotation_speed, unrecognized.
11:32:51: Compiler error: unknown error in DesertDetritus01.pu(70): token class, rotation_speed, unrecognized.
11:32:51: Compiler error: unknown error in DesertDetritus01.pu(93): token class, renderer, unrecognized.
11:32:51: Compiler error: unknown error in DesertDetritus01.pu(98): token class, emission_rate, unrecognized.
11:32:51: Compiler error: unknown error in DesertDetritus01.pu(104): token class, time_to_live, unrecognized.
11:32:51: Compiler error: unknown error in DesertDetritus01.pu(109): token class, velocity, unrecognized.
11:32:51: Compiler error: unknown error in DesertDetritus01.pu(119): token class, xyz_scale, unrecognized.
11:32:51: Compiler error: unknown error in DesertDetritus01.pu(138): token class, xyz_scale, unrecognized.
11:32:51: Compiler error: unknown error in DesertDetritus01.pu(146): token class, rotation_speed, unrecognized.
11:32:51: Compiler error: unknown error in DesertDetritus01.pu(155): token class, rotation_speed, unrecognized.
11:32:51: Compiler error: unknown error in DesertDetritus01.pu(174): token class, renderer, unrecognized.
11:32:51: Compiler error: unknown error in DesertDetritus01.pu(179): token class, emission_rate, unrecognized.
11:32:51: Compiler error: unknown error in DesertDetritus01.pu(185): token class, time_to_live, unrecognized.
11:32:51: Compiler error: unknown error in DesertDetritus01.pu(190): token class, velocity, unrecognized.
11:32:51: Compiler error: unknown error in DesertDetritus01.pu(200): token class, xyz_scale, unrecognized.
11:32:51: Compiler error: unknown error in DesertDetritus01.pu(220): token class, xyz_scale, unrecognized.
11:32:51: Compiler error: unknown error in DesertDetritus01.pu(228): token class, rotation, unrecognized.
11:32:51: Compiler error: unknown error in DesertDetritus01.pu(233): token class, rotation_speed, unrecognized.
11:32:51: Compiler error: unknown error in DesertDetritus01.pu(242): token class, rotation_speed, unrecognized.
11:32:51: ParticleUniverse: Particle System Template 'DesertDetritus01' registered
11:32:51: D3D11 : Loading 2D Texture, image name : 'DesertDetritus01.dds' with 255 mip map levels
11:32:51: D3D11 : Loading 2D Texture, image name : 'DesertDetritus01.dds' with 9 mip map levels
11:32:51: Parsing script Drifting-foliage.pu
11:32:51: Compiler error: unknown error in Drifting-foliage.pu(1): token class, system, unrecognized.
11:32:51: Compiler error: unknown error in Drifting-foliage.pu(17): token class, renderer, unrecognized.
11:32:51: Compiler error: unknown error in Drifting-foliage.pu(23): token class, time_to_live, unrecognized.
11:32:51: Compiler error: unknown error in Drifting-foliage.pu(28): token class, velocity, unrecognized.
11:32:51: Compiler error: unknown error in Drifting-foliage.pu(48): token class, rotation_speed, unrecognized.
11:32:51: Compiler error: unknown error in Drifting-foliage.pu(70): token class, renderer, unrecognized.
11:32:51: Compiler error: unknown error in Drifting-foliage.pu(76): token class, time_to_live, unrecognized.
11:32:51: Compiler error: unknown error in Drifting-foliage.pu(81): token class, velocity, unrecognized.
11:32:51: Compiler error: unknown error in Drifting-foliage.pu(86): token class, repeat_delay, unrecognized.
11:32:51: Compiler error: unknown error in Drifting-foliage.pu(105): token class, rotation, unrecognized.
11:32:51: Compiler error: unknown error in Drifting-foliage.pu(110): token class, rotation_speed, unrecognized.
11:32:51: Compiler error: unknown error in Drifting-foliage.pu(143): token class, renderer, unrecognized.
11:32:51: Compiler error: unknown error in Drifting-foliage.pu(148): token class, emission_rate, unrecognized.
11:32:51: Compiler error: unknown error in Drifting-foliage.pu(154): token class, time_to_live, unrecognized.
11:32:51: Compiler error: unknown error in Drifting-foliage.pu(159): token class, velocity, unrecognized.
11:32:51: Compiler error: unknown error in Drifting-foliage.pu(179): token class, rotation_speed, unrecognized.
11:32:51: Compiler error: unknown error in Drifting-foliage.pu(198): token class, renderer, unrecognized.
11:32:51: Compiler error: unknown error in Drifting-foliage.pu(204): token class, emission_rate, unrecognized.
11:32:51: Compiler error: unknown error in Drifting-foliage.pu(209): token class, time_to_live, unrecognized.
11:32:51: Compiler error: unknown error in Drifting-foliage.pu(214): token class, velocity, unrecognized.
11:32:51: Compiler error: unknown error in Drifting-foliage.pu(236): token class, rotation_speed, unrecognized.
11:32:51: Compiler error: unknown error in Drifting-foliage.pu(254): token class, renderer, unrecognized.
11:32:51: Compiler error: unknown error in Drifting-foliage.pu(259): token class, emission_rate, unrecognized.
11:32:51: Compiler error: unknown error in Drifting-foliage.pu(264): token class, time_to_live, unrecognized.
11:32:51: Compiler error: unknown error in Drifting-foliage.pu(269): token class, velocity, unrecognized.
11:32:51: Compiler error: unknown error in Drifting-foliage.pu(288): token class, rotation_speed, unrecognized.
11:32:51: Compiler error: unknown error in Drifting-foliage.pu(306): token class, renderer, unrecognized.
11:32:51: Compiler error: unknown error in Drifting-foliage.pu(311): token class, emission_rate, unrecognized.
11:32:51: Compiler error: unknown error in Drifting-foliage.pu(316): token class, time_to_live, unrecognized.
11:32:51: Compiler error: unknown error in Drifting-foliage.pu(321): token class, velocity, unrecognized.
11:32:51: Compiler error: unknown error in Drifting-foliage.pu(340): token class, rotation_speed, unrecognized.
11:32:51: Compiler error: unknown error in Drifting-foliage.pu(358): token class, renderer, unrecognized.
11:32:51: Compiler error: unknown error in Drifting-foliage.pu(363): token class, emission_rate, unrecognized.
11:32:51: Compiler error: unknown error in Drifting-foliage.pu(368): token class, time_to_live, unrecognized.
11:32:51: Compiler error: unknown error in Drifting-foliage.pu(373): token class, velocity, unrecognized.
11:32:51: Compiler error: unknown error in Drifting-foliage.pu(392): token class, rotation_speed, unrecognized.
11:32:51: ParticleUniverse: Particle System Template 'Drifting-foliage' registered
11:32:51: Texture: DriftingFoliage01.png: Loading 1 faces(PF_A8R8G8B8,256x256x1) with 8 generated mipmaps from Image. Internal format is PF_A8R8G8B8,256x256x1.
11:32:51: D3D11 : Loading 2D Texture, image name : 'DriftingFoliage01.png' with 8 mip map levels
11:32:52: Texture: DriftingFoliage02.png: Loading 1 faces(PF_A8R8G8B8,256x256x1) with 8 generated mipmaps from Image. Internal format is PF_A8R8G8B8,256x256x1.
11:32:52: D3D11 : Loading 2D Texture, image name : 'DriftingFoliage02.png' with 8 mip map levels
11:32:52: Texture: DriftingFoliage03.png: Loading 1 faces(PF_A8R8G8B8,256x256x1) with 8 generated mipmaps from Image. Internal format is PF_A8R8G8B8,256x256x1.
11:32:52: D3D11 : Loading 2D Texture, image name : 'DriftingFoliage03.png' with 8 mip map levels
11:32:52: Texture: DriftingFoliage04.png: Loading 1 faces(PF_A8R8G8B8,256x256x1) with 8 generated mipmaps from Image. Internal format is PF_A8R8G8B8,256x256x1.
11:32:52: D3D11 : Loading 2D Texture, image name : 'DriftingFoliage04.png' with 8 mip map levels
11:32:52: Texture: DriftingFoliage05.png: Loading 1 faces(PF_A8R8G8B8,256x256x1) with 8 generated mipmaps from Image. Internal format is PF_A8R8G8B8,256x256x1.
11:32:52: D3D11 : Loading 2D Texture, image name : 'DriftingFoliage05.png' with 8 mip map levels
11:32:52: Texture: DriftingFoliage06.png: Loading 1 faces(PF_A8R8G8B8,256x256x1) with 8 generated mipmaps from Image. Internal format is PF_A8R8G8B8,256x256x1.
11:32:52: D3D11 : Loading 2D Texture, image name : 'DriftingFoliage06.png' with 8 mip map levels
11:32:52: Texture: DriftingFoliage07.png: Loading 1 faces(PF_A8R8G8B8,256x256x1) with 8 generated mipmaps from Image. Internal format is PF_A8R8G8B8,256x256x1.
11:32:52: D3D11 : Loading 2D Texture, image name : 'DriftingFoliage07.png' with 8 mip map levels
11:32:52: Parsing script Dustkick01.pu
11:32:52: Compiler error: unknown error in Dustkick01.pu(1): token class, system, unrecognized.
11:32:52: Compiler error: unknown error in Dustkick01.pu(10): token class, renderer, unrecognized.
11:32:52: Compiler error: unknown error in Dustkick01.pu(19): token class, time_to_live, unrecognized.
11:32:52: Compiler error: unknown error in Dustkick01.pu(25): token class, particle_width, unrecognized.
11:32:52: Compiler error: unknown error in Dustkick01.pu(30): token class, particle_height, unrecognized.
11:32:52: Compiler error: unknown error in Dustkick01.pu(42): token class, time_to_live, unrecognized.
11:32:52: Compiler error: unknown error in Dustkick01.pu(48): token class, particle_width, unrecognized.
11:32:52: Compiler error: unknown error in Dustkick01.pu(53): token class, particle_height, unrecognized.
11:32:52: Compiler error: unknown error in Dustkick01.pu(64): token class, x_scale, unrecognized.
11:32:52: Compiler error: unknown error in Dustkick01.pu(71): token class, y_scale, unrecognized.
11:32:52: Compiler error: unknown error in Dustkick01.pu(95): token class, renderer, unrecognized.
11:32:52: Compiler error: unknown error in Dustkick01.pu(101): token class, emission_rate, unrecognized.
11:32:52: Compiler error: unknown error in Dustkick01.pu(108): token class, velocity, unrecognized.
11:32:52: Compiler error: unknown error in Dustkick01.pu(113): token class, all_particle_dimensions, unrecognized.
11:32:52: Compiler error: unknown error in Dustkick01.pu(145): token class, renderer, unrecognized.
11:32:52: Compiler error: unknown error in Dustkick01.pu(155): token class, particle_width, unrecognized.
11:32:52: Compiler error: unknown error in Dustkick01.pu(160): token class, particle_height, unrecognized.
11:32:52: Compiler error: unknown error in Dustkick01.pu(169): token class, x_scale, unrecognized.
11:32:52: Compiler error: unknown error in Dustkick01.pu(176): token class, y_scale, unrecognized.
11:32:52: ParticleUniverse: Particle System Template 'Dustkick01' registered
11:32:52: Texture: DustKick_Streak.png: Loading 1 faces(PF_R8G8B8,512x512x1) with 9 generated mipmaps from Image. Internal format is PF_A8B8G8R8,512x512x1.
11:32:52: D3D11 : Loading 2D Texture, image name : 'DustKick_Streak.png' with 9 mip map levels
11:32:52: Texture: StoneDebris.png: Loading 1 faces(PF_A8R8G8B8,512x512x1) with 9 generated mipmaps from Image. Internal format is PF_A8R8G8B8,512x512x1.
11:32:52: D3D11 : Loading 2D Texture, image name : 'StoneDebris.png' with 9 mip map levels
11:32:52: Texture: Dustkick01.png: Loading 1 faces(PF_R8G8B8,1024x1024x1) with 10 generated mipmaps from Image. Internal format is PF_A8B8G8R8,1024x1024x1.
11:32:52: D3D11 : Loading 2D Texture, image name : 'Dustkick01.png' with 10 mip map levels
11:32:52: Parsing script DustKick_Wisps.pu
11:32:52: Compiler error: unknown error in DustKick_Wisps.pu(1): token class, system, unrecognized.
11:32:52: Compiler error: unknown error in DustKick_Wisps.pu(18): token class, renderer, unrecognized.
11:32:52: Compiler error: unknown error in DustKick_Wisps.pu(25): token class, emission_rate, unrecognized.
11:32:52: Compiler error: unknown error in DustKick_Wisps.pu(31): token class, time_to_live, unrecognized.
11:32:52: Compiler error: unknown error in DustKick_Wisps.pu(36): token class, velocity, unrecognized.
11:32:52: Compiler error: unknown error in DustKick_Wisps.pu(41): token class, all_particle_dimensions, unrecognized.
11:32:52: Compiler error: unknown error in DustKick_Wisps.pu(47): token class, particle_height, unrecognized.
11:32:52: Compiler error: unknown error in DustKick_Wisps.pu(80): token class, x_scale, unrecognized.
11:32:52: Compiler error: unknown error in DustKick_Wisps.pu(86): token class, y_scale, unrecognized.
11:32:52: Compiler error: unknown error in DustKick_Wisps.pu(92): token class, z_scale, unrecognized.
11:32:52: Compiler error: unknown error in DustKick_Wisps.pu(101): token class, rotation_speed, unrecognized.
11:32:52: ParticleUniverse: Particle System Template 'Dustkick_wisps' registered
11:32:52: Texture: Long-wisp_version.png: Loading 1 faces(PF_A8R8G8B8,1024x512x1) with 10 generated mipmaps from Image. Internal format is PF_A8R8G8B8,1024x512x1.
11:32:52: D3D11 : Loading 2D Texture, image name : 'Long-wisp_version.png' with 10 mip map levels
11:32:52: Parsing script FlameStarter.pu
11:32:52: Compiler error: unknown error in FlameStarter.pu(1): token class, system, unrecognized.
11:32:52: Compiler error: unknown error in FlameStarter.pu(10): token class, renderer, unrecognized.
11:32:52: Compiler error: unknown error in FlameStarter.pu(15): token class, emission_rate, unrecognized.
11:32:52: Compiler error: unknown error in FlameStarter.pu(23): token class, time_to_live, unrecognized.
11:32:52: Compiler error: unknown error in FlameStarter.pu(28): token class, velocity, unrecognized.
11:32:52: Compiler error: unknown error in FlameStarter.pu(33): token class, duration, unrecognized.
11:32:52: Compiler error: unknown error in FlameStarter.pu(42): token class, all_particle_dimensions, unrecognized.
11:32:52: Compiler error: unknown error in FlameStarter.pu(54): token class, y_scale, unrecognized.
11:32:52: Compiler error: unknown error in FlameStarter.pu(74): token class, renderer, unrecognized.
11:32:52: Compiler error: unknown error in FlameStarter.pu(79): token class, emission_rate, unrecognized.
11:32:52: Compiler error: unknown error in FlameStarter.pu(87): token class, time_to_live, unrecognized.
11:32:52: Compiler error: unknown error in FlameStarter.pu(92): token class, velocity, unrecognized.
11:32:52: Compiler error: unknown error in FlameStarter.pu(97): token class, duration, unrecognized.
11:32:52: Compiler error: unknown error in FlameStarter.pu(106): token class, all_particle_dimensions, unrecognized.
11:32:52: Compiler error: unknown error in FlameStarter.pu(118): token class, y_scale, unrecognized.
11:32:52: Compiler error: unknown error in FlameStarter.pu(139): token class, renderer, unrecognized.
11:32:52: Compiler error: unknown error in FlameStarter.pu(144): token class, emission_rate, unrecognized.
11:32:52: Compiler error: unknown error in FlameStarter.pu(152): token class, time_to_live, unrecognized.
11:32:52: Compiler error: unknown error in FlameStarter.pu(157): token class, velocity, unrecognized.
11:32:52: Compiler error: unknown error in FlameStarter.pu(162): token class, duration, unrecognized.
11:32:52: Compiler error: unknown error in FlameStarter.pu(171): token class, all_particle_dimensions, unrecognized.
11:32:52: Compiler error: unknown error in FlameStarter.pu(183): token class, y_scale, unrecognized.
11:32:52: Compiler error: unknown error in FlameStarter.pu(207): token class, renderer, unrecognized.
11:32:52: Compiler error: unknown error in FlameStarter.pu(212): token class, emission_rate, unrecognized.
11:32:52: Compiler error: unknown error in FlameStarter.pu(217): token class, time_to_live, unrecognized.
11:32:52: Compiler error: unknown error in FlameStarter.pu(222): token class, velocity, unrecognized.
11:32:52: Compiler error: unknown error in FlameStarter.pu(232): token class, rotation_speed, unrecognized.
11:32:52: ParticleUniverse: Particle System Template 'FlameStarter' registered
11:32:52: Texture: Flame1.png: Loading 1 faces(PF_R8G8B8,128x256x1) with 8 generated mipmaps from Image. Internal format is PF_A8B8G8R8,128x256x1.
11:32:52: D3D11 : Loading 2D Texture, image name : 'Flame1.png' with 8 mip map levels
11:32:52: Texture: Flame2.png: Loading 1 faces(PF_R8G8B8,128x256x1) with 8 generated mipmaps from Image. Internal format is PF_A8B8G8R8,128x256x1.
11:32:52: D3D11 : Loading 2D Texture, image name : 'Flame2.png' with 8 mip map levels
11:32:52: Texture: Flame3.png: Loading 1 faces(PF_R8G8B8,128x256x1) with 8 generated mipmaps from Image. Internal format is PF_A8B8G8R8,128x256x1.
11:32:52: D3D11 : Loading 2D Texture, image name : 'Flame3.png' with 8 mip map levels
11:32:52: Parsing script FlameStarterLargePot.pu
11:32:52: Compiler error: unknown error in FlameStarterLargePot.pu(1): token class, system, unrecognized.
11:32:52: Compiler error: unknown error in FlameStarterLargePot.pu(11): token class, renderer, unrecognized.
11:32:52: Compiler error: unknown error in FlameStarterLargePot.pu(16): token class, emission_rate, unrecognized.
11:32:52: Compiler error: unknown error in FlameStarterLargePot.pu(24): token class, time_to_live, unrecognized.
11:32:52: Compiler error: unknown error in FlameStarterLargePot.pu(29): token class, velocity, unrecognized.
11:32:52: Compiler error: unknown error in FlameStarterLargePot.pu(34): token class, duration, unrecognized.
11:32:52: Compiler error: unknown error in FlameStarterLargePot.pu(43): token class, all_particle_dimensions, unrecognized.
11:32:52: Compiler error: unknown error in FlameStarterLargePot.pu(55): token class, y_scale, unrecognized.
11:32:52: Compiler error: unknown error in FlameStarterLargePot.pu(75): token class, renderer, unrecognized.
11:32:52: Compiler error: unknown error in FlameStarterLargePot.pu(80): token class, emission_rate, unrecognized.
11:32:52: Compiler error: unknown error in FlameStarterLargePot.pu(88): token class, time_to_live, unrecognized.
11:32:52: Compiler error: unknown error in FlameStarterLargePot.pu(93): token class, velocity, unrecognized.
11:32:52: Compiler error: unknown error in FlameStarterLargePot.pu(98): token class, duration, unrecognized.
11:32:52: Compiler error: unknown error in FlameStarterLargePot.pu(107): token class, all_particle_dimensions, unrecognized.
11:32:52: Compiler error: unknown error in FlameStarterLargePot.pu(119): token class, y_scale, unrecognized.
11:32:52: Compiler error: unknown error in FlameStarterLargePot.pu(140): token class, renderer, unrecognized.
11:32:52: Compiler error: unknown error in FlameStarterLargePot.pu(145): token class, emission_rate, unrecognized.
11:32:52: Compiler error: unknown error in FlameStarterLargePot.pu(153): token class, time_to_live, unrecognized.
11:32:52: Compiler error: unknown error in FlameStarterLargePot.pu(158): token class, velocity, unrecognized.
11:32:52: Compiler error: unknown error in FlameStarterLargePot.pu(163): token class, duration, unrecognized.
11:32:52: Compiler error: unknown error in FlameStarterLargePot.pu(172): token class, all_particle_dimensions, unrecognized.
11:32:52: Compiler error: unknown error in FlameStarterLargePot.pu(184): token class, y_scale, unrecognized.
11:32:52: Compiler error: unknown error in FlameStarterLargePot.pu(208): token class, renderer, unrecognized.
11:32:52: Compiler error: unknown error in FlameStarterLargePot.pu(214): token class, emission_rate, unrecognized.
11:32:52: Compiler error: unknown error in FlameStarterLargePot.pu(219): token class, time_to_live, unrecognized.
11:32:52: Compiler error: unknown error in FlameStarterLargePot.pu(224): token class, velocity, unrecognized.
11:32:52: Compiler error: unknown error in FlameStarterLargePot.pu(240): token class, y_scale, unrecognized.
11:32:52: Compiler error: unknown error in FlameStarterLargePot.pu(258): token class, renderer, unrecognized.
11:32:52: Compiler error: unknown error in FlameStarterLargePot.pu(265): token class, emission_rate, unrecognized.
11:32:52: Compiler error: unknown error in FlameStarterLargePot.pu(273): token class, velocity, unrecognized.
11:32:52: Compiler error: unknown error in FlameStarterLargePot.pu(283): token class, rotation_speed, unrecognized.
11:32:52: ParticleUniverse: Particle System Template 'FlameStarterLargePot' registered
11:32:52: Texture: Spark.png: Loading 1 faces(PF_A8R8G8B8,5x5x1) with 2 generated mipmaps from Image. Internal format is PF_A8R8G8B8,5x5x1.
11:32:52: D3D11 : Loading 2D Texture, image name : 'Spark.png' with 2 mip map levels
11:32:52: Parsing script Fly-particle.pu
11:32:52: Compiler error: unknown error in Fly-particle.pu(1): token class, system, unrecognized.
11:32:52: Compiler error: unknown error in Fly-particle.pu(12): token class, renderer, unrecognized.
11:32:52: Compiler error: unknown error in Fly-particle.pu(18): token class, emission_rate, unrecognized.
11:32:52: Compiler error: unknown error in Fly-particle.pu(23): token class, velocity, unrecognized.
11:32:52: Compiler error: unknown error in Fly-particle.pu(34): token class, rotation_speed, unrecognized.
11:32:52: Compiler error: unknown error in Fly-particle.pu(57): token class, rotation_speed, unrecognized.
11:32:52: ParticleUniverse: Particle System Template 'Fly-particle' registered
11:32:52: Texture: Fly-Particle_256.png: Loading 1 faces(PF_A8R8G8B8,256x256x1) with 8 generated mipmaps from Image. Internal format is PF_A8R8G8B8,256x256x1.
11:32:52: D3D11 : Loading 2D Texture, image name : 'Fly-Particle_256.png' with 8 mip map levels
11:32:52: Parsing script fogislands.pu
11:32:52: Compiler error: unknown error in fogislands.pu(1): token class, system, unrecognized.
11:32:52: Compiler error: unknown error in fogislands.pu(13): token class, renderer, unrecognized.
11:32:52: Compiler error: unknown error in fogislands.pu(19): token class, angle, unrecognized.
11:32:52: Compiler error: unknown error in fogislands.pu(25): token class, mass, unrecognized.
11:32:52: Compiler error: unknown error in fogislands.pu(30): token class, velocity, unrecognized.
11:32:52: Compiler error: unknown error in fogislands.pu(36): token class, all_particle_dimensions, unrecognized.
11:32:52: Compiler error: unknown error in fogislands.pu(55): token class, xyz_scale, unrecognized.
11:32:52: Compiler error: unknown error in fogislands.pu(62): token class, x_scale, unrecognized.
11:32:52: Compiler error: unknown error in fogislands.pu(82): token class, rotation, unrecognized.
11:32:52: Compiler error: unknown error in fogislands.pu(87): token class, rotation_speed, unrecognized.
11:32:52: ParticleUniverse: Particle System Template 'fogislands' registered
11:32:52: Texture: Mist_Cloud.png: Loading 1 faces(PF_A8R8G8B8,512x512x1) with 9 generated mipmaps from Image. Internal format is PF_A8R8G8B8,512x512x1.
11:32:52: D3D11 : Loading 2D Texture, image name : 'Mist_Cloud.png' with 9 mip map levels
11:32:52: Parsing script Footsplashes01.pu
11:32:52: Compiler error: unknown error in Footsplashes01.pu(1): token class, system, unrecognized.
11:32:52: Compiler error: unknown error in Footsplashes01.pu(14): token class, renderer, unrecognized.
11:32:52: Compiler error: unknown error in Footsplashes01.pu(27): token class, xyz_scale, unrecognized.
11:32:52: Compiler error: unknown error in Footsplashes01.pu(52): token class, renderer, unrecognized.
11:32:52: Compiler error: unknown error in Footsplashes01.pu(65): token class, xyz_scale, unrecognized.
11:32:52: Compiler error: unknown error in Footsplashes01.pu(90): token class, renderer, unrecognized.
11:32:52: Compiler error: unknown error in Footsplashes01.pu(103): token class, xyz_scale, unrecognized.
11:32:52: ParticleUniverse: Particle System Template 'Footsplashes01' registered
11:32:52: Texture: Footsplash[A].png: Loading 1 faces(PF_A8R8G8B8,2048x2048x1) with 11 generated mipmaps from Image. Internal format is PF_A8R8G8B8,2048x2048x1.
11:32:52: D3D11 : Loading 2D Texture, image name : 'Footsplash[A].png' with 11 mip map levels
11:32:52: Texture: Footsplash[B].png: Loading 1 faces(PF_A8R8G8B8,2048x2048x1) with 11 generated mipmaps from Image. Internal format is PF_A8R8G8B8,2048x2048x1.
11:32:52: D3D11 : Loading 2D Texture, image name : 'Footsplash[B].png' with 11 mip map levels
11:32:52: Texture: Footsplash[C].png: Loading 1 faces(PF_A8R8G8B8,2048x2048x1) with 11 generated mipmaps from Image. Internal format is PF_A8R8G8B8,2048x2048x1.
11:32:52: D3D11 : Loading 2D Texture, image name : 'Footsplash[C].png' with 11 mip map levels
11:32:52: Parsing script Furnace_smoke.pu
11:32:52: Compiler error: unknown error in Furnace_smoke.pu(1): token class, system, unrecognized.
11:32:52: Compiler error: unknown error in Furnace_smoke.pu(12): token class, renderer, unrecognized.
11:32:52: Compiler error: unknown error in Furnace_smoke.pu(18): token class, time_to_live, unrecognized.
11:32:52: Compiler error: unknown error in Furnace_smoke.pu(25): token class, repeat_delay, unrecognized.
11:32:52: Compiler error: unknown error in Furnace_smoke.pu(30): token class, all_particle_dimensions, unrecognized.
11:32:52: Compiler error: unknown error in Furnace_smoke.pu(56): token class, rotation_speed, unrecognized.
11:32:52: ParticleUniverse: Particle System Template 'Furnace_smoke' registered
11:32:52: Parsing script great_stream.pu
11:32:52: Compiler error: unknown error in great_stream.pu(1): token class, system, unrecognized.
11:32:52: Compiler error: unknown error in great_stream.pu(13): token class, renderer, unrecognized.
11:32:52: Compiler error: unknown error in great_stream.pu(20): token class, angle, unrecognized.
11:32:52: Compiler error: unknown error in great_stream.pu(25): token class, time_to_live, unrecognized.
11:32:52: Compiler error: unknown error in great_stream.pu(30): token class, mass, unrecognized.
11:32:52: Compiler error: unknown error in great_stream.pu(35): token class, velocity, unrecognized.
11:32:52: Compiler error: unknown error in great_stream.pu(42): token class, all_particle_dimensions, unrecognized.
11:32:52: Compiler error: unknown error in great_stream.pu(60): token class, xyz_scale, unrecognized.
11:32:52: Compiler error: unknown error in great_stream.pu(86): token class, rotation, unrecognized.
11:32:52: Compiler error: unknown error in great_stream.pu(91): token class, rotation_speed, unrecognized.
11:32:52: ParticleUniverse: Particle System Template 'great_stream' registered
11:32:52: Parsing script great_stream_mild.pu
11:32:52: Compiler error: unknown error in great_stream_mild.pu(1): token class, system, unrecognized.
11:32:52: Compiler error: unknown error in great_stream_mild.pu(13): token class, renderer, unrecognized.
11:32:52: Compiler error: unknown error in great_stream_mild.pu(20): token class, angle, unrecognized.
11:32:52: Compiler error: unknown error in great_stream_mild.pu(25): token class, time_to_live, unrecognized.
11:32:52: Compiler error: unknown error in great_stream_mild.pu(30): token class, mass, unrecognized.
11:32:52: Compiler error: unknown error in great_stream_mild.pu(35): token class, velocity, unrecognized.
11:32:52: Compiler error: unknown error in great_stream_mild.pu(42): token class, all_particle_dimensions, unrecognized.
11:32:52: Compiler error: unknown error in great_stream_mild.pu(60): token class, xyz_scale, unrecognized.
11:32:52: Compiler error: unknown error in great_stream_mild.pu(86): token class, rotation, unrecognized.
11:32:52: Compiler error: unknown error in great_stream_mild.pu(91): token class, rotation_speed, unrecognized.
11:32:52: ParticleUniverse: Particle System Template 'great_stream_mild' registered
11:32:52: Parsing script groundsand.pu
11:32:52: Compiler error: unknown error in groundsand.pu(1): token class, system, unrecognized.
11:32:52: Compiler error: unknown error in groundsand.pu(12): token class, renderer, unrecognized.
11:32:52: Compiler error: unknown error in groundsand.pu(27): token class, emission_rate, unrecognized.
11:32:52: Compiler error: unknown error in groundsand.pu(32): token class, angle, unrecognized.
11:32:52: Compiler error: unknown error in groundsand.pu(37): token class, time_to_live, unrecognized.
11:32:52: Compiler error: unknown error in groundsand.pu(42): token class, mass, unrecognized.
11:32:52: Compiler error: unknown error in groundsand.pu(47): token class, velocity, unrecognized.
11:32:52: Compiler error: unknown error in groundsand.pu(64): token class, xyz_scale, unrecognized.
11:32:52: Compiler error: unknown error in groundsand.pu(71): token class, x_scale, unrecognized.
11:32:52: Compiler error: unknown error in groundsand.pu(76): token class, y_scale, unrecognized.
11:32:52: Compiler error: unknown error in groundsand.pu(81): token class, z_scale, unrecognized.
11:32:52: Compiler error: unknown error in groundsand.pu(97): token class, rotation, unrecognized.
11:32:52: ParticleUniverse: Particle System Template 'groundsand' registered
11:32:52: Parsing script groundsand_p.pu
11:32:52: Compiler error: unknown error in groundsand_p.pu(1): token class, system, unrecognized.
11:32:52: Compiler error: unknown error in groundsand_p.pu(17): token class, renderer, unrecognized.
11:32:52: Compiler error: unknown error in groundsand_p.pu(22): token class, emission_rate, unrecognized.
11:32:52: Compiler error: unknown error in groundsand_p.pu(27): token class, angle, unrecognized.
11:32:52: Compiler error: unknown error in groundsand_p.pu(32): token class, time_to_live, unrecognized.
11:32:52: Compiler error: unknown error in groundsand_p.pu(37): token class, mass, unrecognized.
11:32:52: Compiler error: unknown error in groundsand_p.pu(42): token class, velocity, unrecognized.
11:32:52: Compiler error: unknown error in groundsand_p.pu(59): token class, x_scale, unrecognized.
11:32:52: Compiler error: unknown error in groundsand_p.pu(65): token class, y_scale, unrecognized.
11:32:52: Compiler error: unknown error in groundsand_p.pu(70): token class, z_scale, unrecognized.
11:32:52: Compiler error: unknown error in groundsand_p.pu(87): token class, rotation, unrecognized.
11:32:52: ParticleUniverse: Particle System Template 'groundsand_p' registered
11:32:52: Parsing script groundsand_p_orange.pu
11:32:52: Compiler error: unknown error in groundsand_p_orange.pu(1): token class, system, unrecognized.
11:32:52: Compiler error: unknown error in groundsand_p_orange.pu(17): token class, renderer, unrecognized.
11:32:52: Compiler error: unknown error in groundsand_p_orange.pu(22): token class, emission_rate, unrecognized.
11:32:52: Compiler error: unknown error in groundsand_p_orange.pu(27): token class, angle, unrecognized.
11:32:52: Compiler error: unknown error in groundsand_p_orange.pu(32): token class, time_to_live, unrecognized.
11:32:52: Compiler error: unknown error in groundsand_p_orange.pu(37): token class, mass, unrecognized.
11:32:52: Compiler error: unknown error in groundsand_p_orange.pu(42): token class, velocity, unrecognized.
11:32:52: Compiler error: unknown error in groundsand_p_orange.pu(59): token class, x_scale, unrecognized.
11:32:52: Compiler error: unknown error in groundsand_p_orange.pu(65): token class, y_scale, unrecognized.
11:32:52: Compiler error: unknown error in groundsand_p_orange.pu(70): token class, z_scale, unrecognized.
11:32:52: Compiler error: unknown error in groundsand_p_orange.pu(87): token class, rotation, unrecognized.
11:32:52: ParticleUniverse: Particle System Template 'groundsand_p_orange' registered
11:32:52: Parsing script Haboob_cloud.pu
11:32:52: Compiler error: unknown error in Haboob_cloud.pu(1): token class, system, unrecognized.
11:32:52: Compiler error: unknown error in Haboob_cloud.pu(16): token class, renderer, unrecognized.
11:32:52: Compiler error: unknown error in Haboob_cloud.pu(22): token class, velocity, unrecognized.
11:32:52: Compiler error: unknown error in Haboob_cloud.pu(27): token class, all_particle_dimensions, unrecognized.
11:32:52: Compiler error: unknown error in Haboob_cloud.pu(45): token class, xyz_scale, unrecognized.
11:32:52: Compiler error: unknown error in Haboob_cloud.pu(64): token class, renderer, unrecognized.
11:32:52: ParticleUniverse: Particle System Template 'Haboob_cloud' registered
11:32:52: OGRE EXCEPTION(6:FileNotFoundException): Cannot locate resource Haboob_Finger.png in resource group Particles or any other group. in ResourceGroupManager::openResource at ..\..\OgreMain\src\OgreResourceGroupManager.cpp (line 757)
11:32:52: Error loading texture Haboob_Finger.png. Texture layer will be blank. Loading the texture failed with the following exception: OGRE EXCEPTION(6:FileNotFoundException): Cannot locate resource Haboob_Finger.png in resource group Particles or any other group. in ResourceGroupManager::openResource at ..\..\OgreMain\src\OgreResourceGroupManager.cpp (line 757)
11:32:52: Parsing script HackBlood-system.pu
11:32:52: Compiler error: unknown error in HackBlood-system.pu(1): token class, system, unrecognized.
11:32:52: Compiler error: unknown error in HackBlood-system.pu(14): token class, renderer, unrecognized.
11:32:52: Compiler error: unknown error in HackBlood-system.pu(20): token class, angle, unrecognized.
11:32:52: Compiler error: unknown error in HackBlood-system.pu(26): token class, velocity, unrecognized.
11:32:52: Compiler error: unknown error in HackBlood-system.pu(35): token class, rotation, unrecognized.
11:32:52: Compiler error: unknown error in HackBlood-system.pu(51): token class, xyz_scale, unrecognized.
11:32:52: Compiler error: unknown error in HackBlood-system.pu(69): token class, renderer, unrecognized.
11:32:52: Compiler error: unknown error in HackBlood-system.pu(76): token class, velocity, unrecognized.
11:32:52: Compiler error: unknown error in HackBlood-system.pu(85): token class, rotation, unrecognized.
11:32:52: Compiler error: unknown error in HackBlood-system.pu(101): token class, xyz_scale, unrecognized.
11:32:52: Compiler error: unknown error in HackBlood-system.pu(119): token class, renderer, unrecognized.
11:32:52: Compiler error: unknown error in HackBlood-system.pu(125): token class, angle, unrecognized.
11:32:52: Compiler error: unknown error in HackBlood-system.pu(131): token class, velocity, unrecognized.
11:32:52: Compiler error: unknown error in HackBlood-system.pu(140): token class, rotation, unrecognized.
11:32:52: Compiler error: unknown error in HackBlood-system.pu(149): token class, xyz_scale, unrecognized.
11:32:52: Compiler error: unknown error in HackBlood-system.pu(175): token class, renderer, unrecognized.
11:32:52: Compiler error: unknown error in HackBlood-system.pu(181): token class, angle, unrecognized.
11:32:52: Compiler error: unknown error in HackBlood-system.pu(187): token class, velocity, unrecognized.
11:32:52: Compiler error: unknown error in HackBlood-system.pu(196): token class, rotation, unrecognized.
11:32:52: Compiler error: unknown error in HackBlood-system.pu(201): token class, rotation_speed, unrecognized.
11:32:52: Compiler error: unknown error in HackBlood-system.pu(209): token class, xyz_scale, unrecognized.
11:32:52: ParticleUniverse: Particle System Template 'HackBlood-system' registered
11:32:52: Texture: Splatt01_DIF.png: Loading 1 faces(PF_A8R8G8B8,1024x1024x1) with 10 generated mipmaps from Image. Internal format is PF_A8R8G8B8,1024x1024x1.
11:32:52: D3D11 : Loading 2D Texture, image name : 'Splatt01_DIF.png' with 10 mip map levels
11:32:52: Texture: Splatt02_DIF.png: Loading 1 faces(PF_A8R8G8B8,1024x1024x1) with 10 generated mipmaps from Image. Internal format is PF_A8R8G8B8,1024x1024x1.
11:32:52: D3D11 : Loading 2D Texture, image name : 'Splatt02_DIF.png' with 10 mip map levels
11:32:52: Texture: Splatt03_DIF.png: Loading 1 faces(PF_A8R8G8B8,1024x1024x1) with 10 generated mipmaps from Image. Internal format is PF_A8R8G8B8,1024x1024x1.
11:32:52: D3D11 : Loading 2D Texture, image name : 'Splatt03_DIF.png' with 10 mip map levels
11:32:52: Texture: Splatt04_DIF.png: Loading 1 faces(PF_A8R8G8B8,1024x1024x1) with 10 generated mipmaps from Image. Internal format is PF_A8R8G8B8,1024x1024x1.
11:32:52: D3D11 : Loading 2D Texture, image name : 'Splatt04_DIF.png' with 10 mip map levels
11:32:52: Parsing script HackBlood-system1.pu
11:32:52: Compiler error: unknown error in HackBlood-system1.pu(1): token class, system, unrecognized.
11:32:52: Compiler error: unknown error in HackBlood-system1.pu(14): token class, renderer, unrecognized.
11:32:52: Compiler error: unknown error in HackBlood-system1.pu(20): token class, angle, unrecognized.
11:32:52: Compiler error: unknown error in HackBlood-system1.pu(26): token class, velocity, unrecognized.
11:32:52: Compiler error: unknown error in HackBlood-system1.pu(35): token class, rotation, unrecognized.
11:32:52: Compiler error: unknown error in HackBlood-system1.pu(51): token class, xyz_scale, unrecognized.
11:32:52: Compiler error: unknown error in HackBlood-system1.pu(72): token class, renderer, unrecognized.
11:32:52: Compiler error: unknown error in HackBlood-system1.pu(79): token class, velocity, unrecognized.
11:32:52: Compiler error: unknown error in HackBlood-system1.pu(88): token class, rotation, unrecognized.
11:32:52: Compiler error: unknown error in HackBlood-system1.pu(104): token class, xyz_scale, unrecognized.
11:32:52: Compiler error: unknown error in HackBlood-system1.pu(125): token class, renderer, unrecognized.
11:32:52: Compiler error: unknown error in HackBlood-system1.pu(131): token class, angle, unrecognized.
11:32:52: Compiler error: unknown error in HackBlood-system1.pu(137): token class, velocity, unrecognized.
11:32:52: Compiler error: unknown error in HackBlood-system1.pu(146): token class, rotation, unrecognized.
11:32:52: Compiler error: unknown error in HackBlood-system1.pu(155): token class, xyz_scale, unrecognized.
11:32:52: Compiler error: unknown error in HackBlood-system1.pu(184): token class, renderer, unrecognized.
11:32:52: Compiler error: unknown error in HackBlood-system1.pu(190): token class, angle, unrecognized.
11:32:52: Compiler error: unknown error in HackBlood-system1.pu(196): token class, velocity, unrecognized.
11:32:52: Compiler error: unknown error in HackBlood-system1.pu(205): token class, rotation, unrecognized.
11:32:52: Compiler error: unknown error in HackBlood-system1.pu(210): token class, rotation_speed, unrecognized.
11:32:52: Compiler error: unknown error in HackBlood-system1.pu(218): token class, xyz_scale, unrecognized.
11:32:52: ParticleUniverse: Particle System template 'HackBlood-system' already exists; old template deleted.
11:32:52: ParticleUniverse: Particle System Template 'HackBlood-system' registered
11:32:52: Parsing script islandfog.pu
11:32:52: Compiler error: unknown error in islandfog.pu(1): token class, system, unrecognized.
11:32:52: Compiler error: unknown error in islandfog.pu(11): token class, renderer, unrecognized.
11:32:52: Compiler error: unknown error in islandfog.pu(16): token class, emission_rate, unrecognized.
11:32:52: Compiler error: unknown error in islandfog.pu(21): token class, angle, unrecognized.
11:32:52: Compiler error: unknown error in islandfog.pu(26): token class, time_to_live, unrecognized.
11:32:52: Compiler error: unknown error in islandfog.pu(31): token class, mass, unrecognized.
11:32:52: Compiler error: unknown error in islandfog.pu(36): token class, velocity, unrecognized.
11:32:52: Compiler error: unknown error in islandfog.pu(41): token class, duration, unrecognized.
11:32:52: Compiler error: unknown error in islandfog.pu(47): token class, all_particle_dimensions, unrecognized.
11:32:52: Compiler error: unknown error in islandfog.pu(63): token class, xyz_scale, unrecognized.
11:32:52: Compiler error: unknown error in islandfog.pu(69): token class, x_scale, unrecognized.
11:32:52: Compiler error: unknown error in islandfog.pu(74): token class, y_scale, unrecognized.
11:32:52: Compiler error: unknown error in islandfog.pu(79): token class, z_scale, unrecognized.
11:32:52: Compiler error: unknown error in islandfog.pu(106): token class, rotation, unrecognized.
11:32:52: Compiler error: unknown error in islandfog.pu(111): token class, rotation_speed, unrecognized.
11:32:52: ParticleUniverse: Particle System Template 'Kenshi_Mist_Cloud' registered
11:32:52: Parsing script K-Tornado.pu
11:32:52: Compiler error: unknown error in K-Tornado.pu(1): token class, system, unrecognized.
11:32:52: Compiler error: unknown error in K-Tornado.pu(13): token class, renderer, unrecognized.
11:32:52: Compiler error: unknown error in K-Tornado.pu(20): token class, emission_rate, unrecognized.
11:32:52: Compiler error: unknown error in K-Tornado.pu(27): token class, velocity, unrecognized.
11:32:52: Compiler error: unknown error in K-Tornado.pu(39): token class, rotation_speed, unrecognized.
11:32:52: Compiler error: unknown error in K-Tornado.pu(56): token class, rotation, unrecognized.
11:32:52: Compiler error: unknown error in K-Tornado.pu(61): token class, rotation_speed, unrecognized.
11:32:52: Compiler error: unknown error in K-Tornado.pu(69): token class, xyz_scale, unrecognized.
11:32:52: Compiler error: unknown error in K-Tornado.pu(79): token class, velocity_scale, unrecognized.
11:32:52: Compiler error: unknown error in K-Tornado.pu(101): token class, renderer, unrecognized.
11:32:52: Compiler error: unknown error in K-Tornado.pu(106): token class, emission_rate, unrecognized.
11:32:52: Compiler error: unknown error in K-Tornado.pu(113): token class, mass, unrecognized.
11:32:52: Compiler error: unknown error in K-Tornado.pu(118): token class, velocity, unrecognized.
11:32:52: Compiler error: unknown error in K-Tornado.pu(125): token class, all_particle_dimensions, unrecognized.
11:32:52: Compiler error: unknown error in K-Tornado.pu(130): token class, particle_width, unrecognized.
11:32:52: Compiler error: unknown error in K-Tornado.pu(135): token class, particle_height, unrecognized.
11:32:52: Compiler error: unknown error in K-Tornado.pu(148): token class, rotation_speed, unrecognized.
11:32:52: Compiler error: unknown error in K-Tornado.pu(158): token class, rotation_speed, unrecognized.
11:32:52: Compiler error: unknown error in K-Tornado.pu(186): token class, renderer, unrecognized.
11:32:52: Compiler error: unknown error in K-Tornado.pu(191): token class, emission_rate, unrecognized.
11:32:52: Compiler error: unknown error in K-Tornado.pu(197): token class, velocity, unrecognized.
11:32:52: Compiler error: unknown error in K-Tornado.pu(204): token class, particle_width, unrecognized.
11:32:52: Compiler error: unknown error in K-Tornado.pu(210): token class, particle_height, unrecognized.
11:32:52: Compiler error: unknown error in K-Tornado.pu(243): token class, xyz_scale, unrecognized.
11:32:52: Compiler error: unknown error in K-Tornado.pu(258): token class, rotation_speed, unrecognized.
11:32:52: ParticleUniverse: Particle System Template 'K-Tornado' registered
11:32:52: Parsing script Kenshi_black_rain.pu
11:32:52: Compiler error: unknown error in Kenshi_black_rain.pu(1): token class, system, unrecognized.
11:32:52: Compiler error: unknown error in Kenshi_black_rain.pu(15): token class, renderer, unrecognized.
11:32:52: Compiler error: unknown error in Kenshi_black_rain.pu(24): token class, time_to_live, unrecognized.
11:32:52: Compiler error: unknown error in Kenshi_black_rain.pu(29): token class, velocity, unrecognized.
11:32:52: Compiler error: unknown error in Kenshi_black_rain.pu(41): token class, observer, unrecognized.
11:32:52: Compiler error: unknown error in Kenshi_black_rain.pu(43): token class, handler, unrecognized.
11:32:52: Compiler error: unknown error in Kenshi_black_rain.pu(46): token class, handler, unrecognized.
11:32:52: Compiler error: unknown error in Kenshi_black_rain.pu(49): token class, handler, unrecognized.
11:32:52: ParticleUniverse: Particle System Template 'Kenshi_black_rain' registered
11:32:52: Texture: Kenshi_Rain_Black.png: Loading 1 faces(PF_A8R8G8B8,32x256x1) with 8 generated mipmaps from Image. Internal format is PF_A8R8G8B8,32x256x1.
11:32:52: D3D11 : Loading 2D Texture, image name : 'Kenshi_Rain_Black.png' with 8 mip map levels
11:32:52: Parsing script kenshi_choking_clouds1.pu
11:32:52: Compiler error: unknown error in kenshi_choking_clouds1.pu(1): token class, system, unrecognized.
11:32:52: Compiler error: unknown error in kenshi_choking_clouds1.pu(11): token class, renderer, unrecognized.
11:32:52: Compiler error: unknown error in kenshi_choking_clouds1.pu(19): token class, time_to_live, unrecognized.
11:32:52: Compiler error: unknown error in kenshi_choking_clouds1.pu(24): token class, velocity, unrecognized.
11:32:52: Compiler error: unknown error in kenshi_choking_clouds1.pu(29): token class, all_particle_dimensions, unrecognized.
11:32:52: Compiler error: unknown error in kenshi_choking_clouds1.pu(42): token class, time_to_live, unrecognized.
11:32:52: Compiler error: unknown error in kenshi_choking_clouds1.pu(47): token class, velocity, unrecognized.
11:32:52: Compiler error: unknown error in kenshi_choking_clouds1.pu(52): token class, all_particle_dimensions, unrecognized.
11:32:52: Compiler error: unknown error in kenshi_choking_clouds1.pu(64): token class, time_to_live, unrecognized.
11:32:52: Compiler error: unknown error in kenshi_choking_clouds1.pu(69): token class, velocity, unrecognized.
11:32:52: Compiler error: unknown error in kenshi_choking_clouds1.pu(74): token class, all_particle_dimensions, unrecognized.
11:32:52: Compiler error: unknown error in kenshi_choking_clouds1.pu(92): token class, xyz_scale, unrecognized.
11:32:52: Compiler error: unknown error in kenshi_choking_clouds1.pu(100): token class, rotation, unrecognized.
11:32:52: ParticleUniverse: Particle System Template 'kenshi_choking_clouds1' registered
11:32:52: Parsing script kenshi_explosion1.pu
11:32:52: Compiler error: unknown error in kenshi_explosion1.pu(1): token class, system, unrecognized.
11:32:52: Compiler error: unknown error in kenshi_explosion1.pu(10): token class, renderer, unrecognized.
11:32:52: Compiler error: unknown error in kenshi_explosion1.pu(18): token class, time_to_live, unrecognized.
11:32:52: Compiler error: unknown error in kenshi_explosion1.pu(23): token class, velocity, unrecognized.
11:32:52: Compiler error: unknown error in kenshi_explosion1.pu(30): token class, all_particle_dimensions, unrecognized.
11:32:52: Compiler error: unknown error in kenshi_explosion1.pu(41): token class, time_to_live, unrecognized.
11:32:52: Compiler error: unknown error in kenshi_explosion1.pu(64): token class, xyz_scale, unrecognized.
11:32:52: Compiler error: unknown error in kenshi_explosion1.pu(75): token class, rotation, unrecognized.
11:32:52: Compiler error: unknown error in kenshi_explosion1.pu(86): token class, behaviour, unrecognized.
11:32:52: Compiler error: unknown error in kenshi_explosion1.pu(93): token class, renderer, unrecognized.
11:32:52: Compiler error: unknown error in kenshi_explosion1.pu(99): token class, time_to_live, unrecognized.
11:32:52: Compiler error: unknown error in kenshi_explosion1.pu(104): token class, velocity, unrecognized.
11:32:52: Compiler error: unknown error in kenshi_explosion1.pu(111): token class, all_particle_dimensions, unrecognized.
11:32:52: Compiler error: unknown error in kenshi_explosion1.pu(122): token class, time_to_live, unrecognized.
11:32:52: Compiler error: unknown error in kenshi_explosion1.pu(128): token class, all_particle_dimensions, unrecognized.
11:32:52: Compiler error: unknown error in kenshi_explosion1.pu(156): token class, renderer, unrecognized.
11:32:52: Compiler error: unknown error in kenshi_explosion1.pu(162): token class, time_to_live, unrecognized.
11:32:52: Compiler error: unknown error in kenshi_explosion1.pu(167): token class, velocity, unrecognized.
11:32:52: Compiler error: unknown error in kenshi_explosion1.pu(174): token class, all_particle_dimensions, unrecognized.
11:32:52: Compiler error: unknown error in kenshi_explosion1.pu(194): token class, xyz_scale, unrecognized.
11:32:52: ParticleUniverse: Particle System Template 'kenshi_explosion1' registered
11:32:52: D3D11 : Loading 2D Texture, image name : 'smoke_add1.dds' with 255 mip map levels
11:32:52: D3D11 : Loading 2D Texture, image name : 'smoke_add1.dds' with 9 mip map levels
11:32:52: Texture: Spark4X.png: Loading 1 faces(PF_A8R8G8B8,4x4x1) with 2 generated mipmaps from Image. Internal format is PF_A8R8G8B8,4x4x1.
11:32:52: D3D11 : Loading 2D Texture, image name : 'Spark4X.png' with 2 mip map levels
11:32:52: Parsing script kenshi_fire1_small.pu
11:32:52: Compiler error: unknown error in kenshi_fire1_small.pu(1): token class, system, unrecognized.
11:32:52: Compiler error: unknown error in kenshi_fire1_small.pu(10): token class, renderer, unrecognized.
11:32:52: Compiler error: unknown error in kenshi_fire1_small.pu(18): token class, time_to_live, unrecognized.
11:32:52: Compiler error: unknown error in kenshi_fire1_small.pu(23): token class, velocity, unrecognized.
11:32:52: Compiler error: unknown error in kenshi_fire1_small.pu(28): token class, all_particle_dimensions, unrecognized.
11:32:52: Compiler error: unknown error in kenshi_fire1_small.pu(33): token class, particle_width, unrecognized.
11:32:52: Compiler error: unknown error in kenshi_fire1_small.pu(52): token class, rotation, unrecognized.
11:32:52: Compiler error: unknown error in kenshi_fire1_small.pu(67): token class, renderer, unrecognized.
11:32:52: Compiler error: unknown error in kenshi_fire1_small.pu(73): token class, time_to_live, unrecognized.
11:32:52: Compiler error: unknown error in kenshi_fire1_small.pu(78): token class, velocity, unrecognized.
11:32:52: Compiler error: unknown error in kenshi_fire1_small.pu(83): token class, all_particle_dimensions, unrecognized.
11:32:52: Compiler error: unknown error in kenshi_fire1_small.pu(111): token class, renderer, unrecognized.
11:32:52: Compiler error: unknown error in kenshi_fire1_small.pu(117): token class, time_to_live, unrecognized.
11:32:52: Compiler error: unknown error in kenshi_fire1_small.pu(122): token class, velocity, unrecognized.
11:32:52: Compiler error: unknown error in kenshi_fire1_small.pu(143): token class, xyz_scale, unrecognized.
11:32:52: ParticleUniverse: Particle System Template 'kenshi_fire1_small' registered
11:32:52: D3D11 : Loading 2D Texture, image name : 'fire_flame1.dds' with 255 mip map levels
11:32:52: D3D11 : Loading 2D Texture, image name : 'fire_flame1.dds' with 8 mip map levels
11:32:52: Parsing script kenshi_fire2_torch.pu
11:32:52: Compiler error: unknown error in kenshi_fire2_torch.pu(1): token class, system, unrecognized.
11:32:52: Compiler error: unknown error in kenshi_fire2_torch.pu(10): token class, renderer, unrecognized.
11:32:52: Compiler error: unknown error in kenshi_fire2_torch.pu(18): token class, time_to_live, unrecognized.
11:32:52: Compiler error: unknown error in kenshi_fire2_torch.pu(23): token class, velocity, unrecognized.
11:32:52: Compiler error: unknown error in kenshi_fire2_torch.pu(28): token class, all_particle_dimensions, unrecognized.
11:32:52: Compiler error: unknown error in kenshi_fire2_torch.pu(33): token class, particle_width, unrecognized.
11:32:52: Compiler error: unknown error in kenshi_fire2_torch.pu(52): token class, rotation, unrecognized.
11:32:52: Compiler error: unknown error in kenshi_fire2_torch.pu(67): token class, renderer, unrecognized.
11:32:52: Compiler error: unknown error in kenshi_fire2_torch.pu(73): token class, time_to_live, unrecognized.
11:32:52: Compiler error: unknown error in kenshi_fire2_torch.pu(78): token class, velocity, unrecognized.
11:32:52: Compiler error: unknown error in kenshi_fire2_torch.pu(83): token class, all_particle_dimensions, unrecognized.
11:32:52: Compiler error: unknown error in kenshi_fire2_torch.pu(111): token class, renderer, unrecognized.
11:32:52: Compiler error: unknown error in kenshi_fire2_torch.pu(117): token class, time_to_live, unrecognized.
11:32:52: Compiler error: unknown error in kenshi_fire2_torch.pu(122): token class, velocity, unrecognized.
11:32:52: Compiler error: unknown error in kenshi_fire2_torch.pu(143): token class, xyz_scale, unrecognized.
11:32:52: ParticleUniverse: Particle System Template 'kenshi_fire2_torch' registered
11:32:52: Parsing script kenshi_fire_jet1.pu
11:32:52: Compiler error: unknown error in kenshi_fire_jet1.pu(1): token class, system, unrecognized.
11:32:52: Compiler error: unknown error in kenshi_fire_jet1.pu(11): token class, renderer, unrecognized.
11:32:52: Compiler error: unknown error in kenshi_fire_jet1.pu(19): token class, time_to_live, unrecognized.
11:32:52: Compiler error: unknown error in kenshi_fire_jet1.pu(24): token class, velocity, unrecognized.
11:32:52: Compiler error: unknown error in kenshi_fire_jet1.pu(31): token class, all_particle_dimensions, unrecognized.
11:32:52: Compiler error: unknown error in kenshi_fire_jet1.pu(51): token class, xyz_scale, unrecognized.
11:32:52: Compiler error: unknown error in kenshi_fire_jet1.pu(62): token class, rotation, unrecognized.
11:32:52: Compiler error: unknown error in kenshi_fire_jet1.pu(77): token class, renderer, unrecognized.
11:32:52: Compiler error: unknown error in kenshi_fire_jet1.pu(83): token class, time_to_live, unrecognized.
11:32:52: Compiler error: unknown error in kenshi_fire_jet1.pu(88): token class, velocity, unrecognized.
11:32:52: Compiler error: unknown error in kenshi_fire_jet1.pu(95): token class, all_particle_dimensions, unrecognized.
11:32:52: Compiler error: unknown error in kenshi_fire_jet1.pu(117): token class, renderer, unrecognized.
11:32:52: Compiler error: unknown error in kenshi_fire_jet1.pu(123): token class, time_to_live, unrecognized.
11:32:52: Compiler error: unknown error in kenshi_fire_jet1.pu(128): token class, velocity, unrecognized.
11:32:52: Compiler error: unknown error in kenshi_fire_jet1.pu(135): token class, all_particle_dimensions, unrecognized.
11:32:52: Compiler error: unknown error in kenshi_fire_jet1.pu(154): token class, xyz_scale, unrecognized.
11:32:52: ParticleUniverse: Particle System Template 'kenshi_fire_jet1' registered
11:32:52: Parsing script kenshi_fire_Street-torch.pu
11:32:52: Compiler error: unknown error in kenshi_fire_Street-torch.pu(1): token class, system, unrecognized.
11:32:52: Compiler error: unknown error in kenshi_fire_Street-torch.pu(10): token class, renderer, unrecognized.
11:32:52: Compiler error: unknown error in kenshi_fire_Street-torch.pu(18): token class, time_to_live, unrecognized.
11:32:52: Compiler error: unknown error in kenshi_fire_Street-torch.pu(23): token class, velocity, unrecognized.
11:32:52: Compiler error: unknown error in kenshi_fire_Street-torch.pu(28): token class, all_particle_dimensions, unrecognized.
11:32:52: Compiler error: unknown error in kenshi_fire_Street-torch.pu(33): token class, particle_width, unrecognized.
11:32:52: Compiler error: unknown error in kenshi_fire_Street-torch.pu(52): token class, rotation, unrecognized.
11:32:52: Compiler error: unknown error in kenshi_fire_Street-torch.pu(67): token class, renderer, unrecognized.
11:32:52: Compiler error: unknown error in kenshi_fire_Street-torch.pu(73): token class, time_to_live, unrecognized.
11:32:52: Compiler error: unknown error in kenshi_fire_Street-torch.pu(78): token class, velocity, unrecognized.
11:32:52: Compiler error: unknown error in kenshi_fire_Street-torch.pu(83): token class, all_particle_dimensions, unrecognized.
11:32:52: Compiler error: unknown error in kenshi_fire_Street-torch.pu(111): token class, renderer, unrecognized.
11:32:52: Compiler error: unknown error in kenshi_fire_Street-torch.pu(117): token class, time_to_live, unrecognized.
11:32:52: Compiler error: unknown error in kenshi_fire_Street-torch.pu(122): token class, velocity, unrecognized.
11:32:52: Compiler error: unknown error in kenshi_fire_Street-torch.pu(143): token class, xyz_scale, unrecognized.
11:32:52: ParticleUniverse: Particle System Template 'kenshi_fire_Street-torch' registered
11:32:52: Parsing script Kenshi_Heavy_Rain.pu
11:32:52: Compiler error: unknown error in Kenshi_Heavy_Rain.pu(1): token class, system, unrecognized.
11:32:52: Compiler error: unknown error in Kenshi_Heavy_Rain.pu(15): token class, renderer, unrecognized.
11:32:52: Compiler error: unknown error in Kenshi_Heavy_Rain.pu(24): token class, time_to_live, unrecognized.
11:32:52: Compiler error: unknown error in Kenshi_Heavy_Rain.pu(29): token class, velocity, unrecognized.
11:32:52: Compiler error: unknown error in Kenshi_Heavy_Rain.pu(40): token class, observer, unrecognized.
11:32:52: Compiler error: unknown error in Kenshi_Heavy_Rain.pu(42): token class, handler, unrecognized.
11:32:52: Compiler error: unknown error in Kenshi_Heavy_Rain.pu(45): token class, handler, unrecognized.
11:32:52: Compiler error: unknown error in Kenshi_Heavy_Rain.pu(48): token class, handler, unrecognized.
11:32:52: ParticleUniverse: Particle System Template 'Kenshi_Heavy_Rain' registered
11:32:52: Texture: Kenshi_Rain_Basic.png: Loading 1 faces(PF_R8G8B8,256x1024x1) with 10 generated mipmaps from Image. Internal format is PF_A8B8G8R8,256x1024x1.
11:32:52: D3D11 : Loading 2D Texture, image name : 'Kenshi_Rain_Basic.png' with 10 mip map levels
11:32:52: Parsing script Kenshi_Heavy_Rain_red.pu
11:32:52: Compiler error: unknown error in Kenshi_Heavy_Rain_red.pu(1): token class, system, unrecognized.
11:32:52: Compiler error: unknown error in Kenshi_Heavy_Rain_red.pu(15): token class, renderer, unrecognized.
11:32:52: Compiler error: unknown error in Kenshi_Heavy_Rain_red.pu(24): token class, time_to_live, unrecognized.
11:32:52: Compiler error: unknown error in Kenshi_Heavy_Rain_red.pu(29): token class, velocity, unrecognized.
11:32:52: Compiler error: unknown error in Kenshi_Heavy_Rain_red.pu(40): token class, observer, unrecognized.
11:32:52: Compiler error: unknown error in Kenshi_Heavy_Rain_red.pu(42): token class, handler, unrecognized.
11:32:52: Compiler error: unknown error in Kenshi_Heavy_Rain_red.pu(45): token class, handler, unrecognized.
11:32:52: Compiler error: unknown error in Kenshi_Heavy_Rain_red.pu(48): token class, handler, unrecognized.
11:32:52: ParticleUniverse: Particle System Template 'Kenshi_Heavy_Rain_red' registered
11:32:52: Texture: Kenshi_Rain_Basic-RED.png: Loading 1 faces(PF_R8G8B8,256x1024x1) with 10 generated mipmaps from Image. Internal format is PF_A8B8G8R8,256x1024x1.
11:32:52: D3D11 : Loading 2D Texture, image name : 'Kenshi_Rain_Basic-RED.png' with 10 mip map levels
11:32:52: Parsing script kenshi_lightning_beam1.pu
11:32:52: Compiler error: unknown error in kenshi_lightning_beam1.pu(1): token class, system, unrecognized.
11:32:52: Compiler error: unknown error in kenshi_lightning_beam1.pu(10): token class, renderer, unrecognized.
11:32:52: Compiler error: unknown error in kenshi_lightning_beam1.pu(43): token class, renderer, unrecognized.
11:32:52: Compiler error: unknown error in kenshi_lightning_beam1.pu(50): token class, time_to_live, unrecognized.
11:32:52: Compiler error: unknown error in kenshi_lightning_beam1.pu(55): token class, velocity, unrecognized.
11:32:52: Compiler error: unknown error in kenshi_lightning_beam1.pu(60): token class, all_particle_dimensions, unrecognized.
11:32:52: Compiler error: unknown error in kenshi_lightning_beam1.pu(73): token class, time_to_live, unrecognized.
11:32:52: Compiler error: unknown error in kenshi_lightning_beam1.pu(78): token class, velocity, unrecognized.
11:32:52: Compiler error: unknown error in kenshi_lightning_beam1.pu(83): token class, all_particle_dimensions, unrecognized.
11:32:52: Compiler error: unknown error in kenshi_lightning_beam1.pu(109): token class, renderer, unrecognized.
11:32:52: Compiler error: unknown error in kenshi_lightning_beam1.pu(117): token class, time_to_live, unrecognized.
11:32:52: Compiler error: unknown error in kenshi_lightning_beam1.pu(123): token class, all_particle_dimensions, unrecognized.
11:32:52: Compiler error: unknown error in kenshi_lightning_beam1.pu(141): token class, rotation, unrecognized.
11:32:52: Compiler error: unknown error in kenshi_lightning_beam1.pu(150): token class, xyz_scale, unrecognized.
11:32:52: ParticleUniverse: Particle System Template 'kenshi_lightning_beam1' registered
11:32:52: D3D11 : Loading 2D Texture, image name : 'lightning.dds' with 255 mip map levels
11:32:52: D3D11 : Loading 2D Texture, image name : 'lightning.dds' with 8 mip map levels
11:32:52: D3D11 : Loading 2D Texture, image name : 'lightning2.dds' with 255 mip map levels
11:32:52: D3D11 : Loading 2D Texture, image name : 'lightning2.dds' with 9 mip map levels
11:32:52: Parsing script kenshi_lightning_beam2.pu
11:32:52: Compiler error: unknown error in kenshi_lightning_beam2.pu(1): token class, system, unrecognized.
11:32:52: Compiler error: unknown error in kenshi_lightning_beam2.pu(10): token class, renderer, unrecognized.
11:32:52: Compiler error: unknown error in kenshi_lightning_beam2.pu(42): token class, renderer, unrecognized.
11:32:52: Compiler error: unknown error in kenshi_lightning_beam2.pu(49): token class, time_to_live, unrecognized.
11:32:52: Compiler error: unknown error in kenshi_lightning_beam2.pu(54): token class, velocity, unrecognized.
11:32:52: Compiler error: unknown error in kenshi_lightning_beam2.pu(59): token class, all_particle_dimensions, unrecognized.
11:32:52: Compiler error: unknown error in kenshi_lightning_beam2.pu(72): token class, time_to_live, unrecognized.
11:32:52: Compiler error: unknown error in kenshi_lightning_beam2.pu(77): token class, velocity, unrecognized.
11:32:52: Compiler error: unknown error in kenshi_lightning_beam2.pu(82): token class, all_particle_dimensions, unrecognized.
11:32:52: Compiler error: unknown error in kenshi_lightning_beam2.pu(108): token class, renderer, unrecognized.
11:32:52: Compiler error: unknown error in kenshi_lightning_beam2.pu(116): token class, time_to_live, unrecognized.
11:32:52: Compiler error: unknown error in kenshi_lightning_beam2.pu(122): token class, all_particle_dimensions, unrecognized.
11:32:52: Compiler error: unknown error in kenshi_lightning_beam2.pu(139): token class, rotation, unrecognized.
11:32:52: Compiler error: unknown error in kenshi_lightning_beam2.pu(148): token class, xyz_scale, unrecognized.
11:32:52: ParticleUniverse: Particle System Template 'kenshi_lightning_beam2' registered
11:32:52: Parsing script kenshi_light_dust_cloud1.pu
11:32:52: Compiler error: unknown error in kenshi_light_dust_cloud1.pu(1): token class, system, unrecognized.
11:32:52: Compiler error: unknown error in kenshi_light_dust_cloud1.pu(10): token class, renderer, unrecognized.
11:32:52: Compiler error: unknown error in kenshi_light_dust_cloud1.pu(17): token class, time_to_live, unrecognized.
11:32:52: Compiler error: unknown error in kenshi_light_dust_cloud1.pu(22): token class, velocity, unrecognized.
11:32:52: Compiler error: unknown error in kenshi_light_dust_cloud1.pu(27): token class, all_particle_dimensions, unrecognized.
11:32:52: ParticleUniverse: Particle System Template 'kenshi_light_dust_cloud1' registered
11:32:52: Parsing script kenshi_light_dust_particles1.pu
11:32:52: Compiler error: unknown error in kenshi_light_dust_particles1.pu(1): token class, system, unrecognized.
11:32:52: Compiler error: unknown error in kenshi_light_dust_particles1.pu(10): token class, renderer, unrecognized.
11:32:52: Compiler error: unknown error in kenshi_light_dust_particles1.pu(17): token class, time_to_live, unrecognized.
11:32:52: Compiler error: unknown error in kenshi_light_dust_particles1.pu(22): token class, velocity, unrecognized.
11:32:52: Compiler error: unknown error in kenshi_light_dust_particles1.pu(27): token class, all_particle_dimensions, unrecognized.
11:32:52: ParticleUniverse: Particle System Template 'kenshi_light_dust_particles1' registered
11:32:52: Parsing script Kenshi_Mist_Cloud.pu
11:32:52: Compiler error: unknown error in Kenshi_Mist_Cloud.pu(1): token class, system, unrecognized.
11:32:52: Compiler error: unknown error in Kenshi_Mist_Cloud.pu(11): token class, renderer, unrecognized.
11:32:52: Compiler error: unknown error in Kenshi_Mist_Cloud.pu(16): token class, emission_rate, unrecognized.
11:32:52: Compiler error: unknown error in Kenshi_Mist_Cloud.pu(21): token class, angle, unrecognized.
11:32:52: Compiler error: unknown error in Kenshi_Mist_Cloud.pu(26): token class, time_to_live, unrecognized.
11:32:52: Compiler error: unknown error in Kenshi_Mist_Cloud.pu(31): token class, mass, unrecognized.
11:32:52: Compiler error: unknown error in Kenshi_Mist_Cloud.pu(36): token class, velocity, unrecognized.
11:32:52: Compiler error: unknown error in Kenshi_Mist_Cloud.pu(41): token class, duration, unrecognized.
11:32:52: Compiler error: unknown error in Kenshi_Mist_Cloud.pu(47): token class, all_particle_dimensions, unrecognized.
11:32:52: Compiler error: unknown error in Kenshi_Mist_Cloud.pu(63): token class, xyz_scale, unrecognized.
11:32:52: Compiler error: unknown error in Kenshi_Mist_Cloud.pu(69): token class, x_scale, unrecognized.
11:32:52: Compiler error: unknown error in Kenshi_Mist_Cloud.pu(74): token class, y_scale, unrecognized.
11:32:52: Compiler error: unknown error in Kenshi_Mist_Cloud.pu(79): token class, z_scale, unrecognized.
11:32:52: Compiler error: unknown error in Kenshi_Mist_Cloud.pu(106): token class, rotation, unrecognized.
11:32:52: Compiler error: unknown error in Kenshi_Mist_Cloud.pu(111): token class, rotation_speed, unrecognized.
11:32:52: ParticleUniverse: Particle System template 'Kenshi_Mist_Cloud' already exists; old template deleted.
11:32:52: ParticleUniverse: Particle System Template 'Kenshi_Mist_Cloud' registered
11:32:52: Parsing script kenshi_rain1.pu
11:32:52: Compiler error: unknown error in kenshi_rain1.pu(1): token class, system, unrecognized.
11:32:52: Compiler error: unknown error in kenshi_rain1.pu(11): token class, renderer, unrecognized.
11:32:52: Compiler error: unknown error in kenshi_rain1.pu(20): token class, time_to_live, unrecognized.
11:32:52: Compiler error: unknown error in kenshi_rain1.pu(27): token class, particle_height, unrecognized.
11:32:52: ParticleUniverse: Particle System Template 'kenshi_rain1' registered
11:32:52: D3D11 : Loading 2D Texture, image name : 'rain1.dds' with 255 mip map levels
11:32:52: D3D11 : Loading 2D Texture, image name : 'rain1.dds' with 8 mip map levels
11:32:52: Parsing script Kenshi_Rain_Basic01.pu
11:32:52: Compiler error: unknown error in Kenshi_Rain_Basic01.pu(1): token class, system, unrecognized.
11:32:52: Compiler error: unknown error in Kenshi_Rain_Basic01.pu(15): token class, renderer, unrecognized.
11:32:52: Compiler error: unknown error in Kenshi_Rain_Basic01.pu(25): token class, velocity, unrecognized.
11:32:52: Compiler error: unknown error in Kenshi_Rain_Basic01.pu(36): token class, observer, unrecognized.
11:32:52: Compiler error: unknown error in Kenshi_Rain_Basic01.pu(38): token class, handler, unrecognized.
11:32:52: Compiler error: unknown error in Kenshi_Rain_Basic01.pu(42): token class, handler, unrecognized.
11:32:52: Compiler error: unknown error in Kenshi_Rain_Basic01.pu(45): token class, handler, unrecognized.
11:32:52: ParticleUniverse: Particle System Template 'Kenshi_Rain_Basic01' registered
11:32:52: Parsing script Kenshi_Rain_RED.pu
11:32:52: Compiler error: unknown error in Kenshi_Rain_RED.pu(1): token class, system, unrecognized.
11:32:52: Compiler error: unknown error in Kenshi_Rain_RED.pu(15): token class, renderer, unrecognized.
11:32:52: Compiler error: unknown error in Kenshi_Rain_RED.pu(24): token class, time_to_live, unrecognized.
11:32:52: Compiler error: unknown error in Kenshi_Rain_RED.pu(37): token class, observer, unrecognized.
11:32:52: Compiler error: unknown error in Kenshi_Rain_RED.pu(39): token class, handler, unrecognized.
11:32:52: Compiler error: unknown error in Kenshi_Rain_RED.pu(42): token class, handler, unrecognized.
11:32:52: Compiler error: unknown error in Kenshi_Rain_RED.pu(45): token class, handler, unrecognized.
11:32:52: ParticleUniverse: Particle System Template 'Kenshi_red_rain' registered
11:32:52: Texture: Kenshi_Rain_RED.png: Loading 1 faces(PF_A8R8G8B8,128x2048x1) with 11 generated mipmaps from Image. Internal format is PF_A8R8G8B8,128x2048x1.
11:32:52: D3D11 : Loading 2D Texture, image name : 'Kenshi_Rain_RED.png' with 11 mip map levels
11:32:52: Parsing script Kenshi_Rising_Steam.pu
11:32:52: Compiler error: unknown error in Kenshi_Rising_Steam.pu(1): token class, system, unrecognized.
11:32:52: Compiler error: unknown error in Kenshi_Rising_Steam.pu(11): token class, renderer, unrecognized.
11:32:52: Compiler error: unknown error in Kenshi_Rising_Steam.pu(16): token class, emission_rate, unrecognized.
11:32:52: Compiler error: unknown error in Kenshi_Rising_Steam.pu(21): token class, angle, unrecognized.
11:32:52: Compiler error: unknown error in Kenshi_Rising_Steam.pu(26): token class, time_to_live, unrecognized.
11:32:52: Compiler error: unknown error in Kenshi_Rising_Steam.pu(31): token class, mass, unrecognized.
11:32:52: Compiler error: unknown error in Kenshi_Rising_Steam.pu(36): token class, velocity, unrecognized.
11:32:52: Compiler error: unknown error in Kenshi_Rising_Steam.pu(41): token class, duration, unrecognized.
11:32:52: Compiler error: unknown error in Kenshi_Rising_Steam.pu(47): token class, all_particle_dimensions, unrecognized.
11:32:52: Compiler error: unknown error in Kenshi_Rising_Steam.pu(64): token class, xyz_scale, unrecognized.
11:32:52: Compiler error: unknown error in Kenshi_Rising_Steam.pu(70): token class, x_scale, unrecognized.
11:32:52: Compiler error: unknown error in Kenshi_Rising_Steam.pu(75): token class, y_scale, unrecognized.
11:32:52: Compiler error: unknown error in Kenshi_Rising_Steam.pu(80): token class, z_scale, unrecognized.
11:32:52: Compiler error: unknown error in Kenshi_Rising_Steam.pu(107): token class, rotation, unrecognized.
11:32:52: Compiler error: unknown error in Kenshi_Rising_Steam.pu(112): token class, rotation_speed, unrecognized.
11:32:52: ParticleUniverse: Particle System Template 'Kenshi_rising_steam' registered
11:32:52: Parsing script Kenshi_Rising_Steam_slow.pu
11:32:52: Compiler error: unknown error in Kenshi_Rising_Steam_slow.pu(1): token class, system, unrecognized.
11:32:52: Compiler error: unknown error in Kenshi_Rising_Steam_slow.pu(11): token class, renderer, unrecognized.
11:32:52: Compiler error: unknown error in Kenshi_Rising_Steam_slow.pu(16): token class, emission_rate, unrecognized.
11:32:52: Compiler error: unknown error in Kenshi_Rising_Steam_slow.pu(21): token class, angle, unrecognized.
11:32:52: Compiler error: unknown error in Kenshi_Rising_Steam_slow.pu(26): token class, time_to_live, unrecognized.
11:32:52: Compiler error: unknown error in Kenshi_Rising_Steam_slow.pu(31): token class, mass, unrecognized.
11:32:52: Compiler error: unknown error in Kenshi_Rising_Steam_slow.pu(36): token class, velocity, unrecognized.
11:32:52: Compiler error: unknown error in Kenshi_Rising_Steam_slow.pu(41): token class, duration, unrecognized.
11:32:52: Compiler error: unknown error in Kenshi_Rising_Steam_slow.pu(47): token class, all_particle_dimensions, unrecognized.
11:32:52: Compiler error: unknown error in Kenshi_Rising_Steam_slow.pu(64): token class, xyz_scale, unrecognized.
11:32:52: Compiler error: unknown error in Kenshi_Rising_Steam_slow.pu(70): token class, x_scale, unrecognized.
11:32:52: Compiler error: unknown error in Kenshi_Rising_Steam_slow.pu(75): token class, y_scale, unrecognized.
11:32:52: Compiler error: unknown error in Kenshi_Rising_Steam_slow.pu(80): token class, z_scale, unrecognized.
11:32:52: Compiler error: unknown error in Kenshi_Rising_Steam_slow.pu(99): token class, rotation, unrecognized.
11:32:52: Compiler error: unknown error in Kenshi_Rising_Steam_slow.pu(104): token class, rotation_speed, unrecognized.
11:32:52: ParticleUniverse: Particle System Template 'Kenshi_rising_steam_slow' registered
11:32:52: Parsing script kenshi_run_dust1.pu
11:32:52: Compiler error: unknown error in kenshi_run_dust1.pu(1): token class, system, unrecognized.
11:32:52: Compiler error: unknown error in kenshi_run_dust1.pu(10): token class, renderer, unrecognized.
11:32:52: Compiler error: unknown error in kenshi_run_dust1.pu(18): token class, time_to_live, unrecognized.
11:32:52: Compiler error: unknown error in kenshi_run_dust1.pu(23): token class, velocity, unrecognized.
11:32:52: Compiler error: unknown error in kenshi_run_dust1.pu(28): token class, all_particle_dimensions, unrecognized.
11:32:52: Compiler error: unknown error in kenshi_run_dust1.pu(49): token class, xyz_scale, unrecognized.
11:32:52: Compiler error: unknown error in kenshi_run_dust1.pu(57): token class, rotation, unrecognized.
11:32:52: ParticleUniverse: Particle System Template 'kenshi_run_dust1' registered
11:32:52: Parsing script kenshi_sandstorm_wall1.pu
11:32:52: Compiler error: unknown error in kenshi_sandstorm_wall1.pu(1): token class, system, unrecognized.
11:32:52: Compiler error: unknown error in kenshi_sandstorm_wall1.pu(16): token class, renderer, unrecognized.
11:32:52: Compiler error: unknown error in kenshi_sandstorm_wall1.pu(24): token class, time_to_live, unrecognized.
11:32:52: Compiler error: unknown error in kenshi_sandstorm_wall1.pu(29): token class, velocity, unrecognized.
11:32:52: Compiler error: unknown error in kenshi_sandstorm_wall1.pu(34): token class, all_particle_dimensions, unrecognized.
11:32:52: Compiler error: unknown error in kenshi_sandstorm_wall1.pu(48): token class, time_to_live, unrecognized.
11:32:52: Compiler error: unknown error in kenshi_sandstorm_wall1.pu(53): token class, velocity, unrecognized.
11:32:52: Compiler error: unknown error in kenshi_sandstorm_wall1.pu(58): token class, all_particle_dimensions, unrecognized.
11:32:52: Compiler error: unknown error in kenshi_sandstorm_wall1.pu(77): token class, xyz_scale, unrecognized.
11:32:52: Compiler error: unknown error in kenshi_sandstorm_wall1.pu(85): token class, rotation, unrecognized.
11:32:52: Compiler error: unknown error in kenshi_sandstorm_wall1.pu(108): token class, renderer, unrecognized.
11:32:52: Compiler error: unknown error in kenshi_sandstorm_wall1.pu(116): token class, time_to_live, unrecognized.
11:32:52: Compiler error: unknown error in kenshi_sandstorm_wall1.pu(121): token class, velocity, unrecognized.
11:32:52: Compiler error: unknown error in kenshi_sandstorm_wall1.pu(126): token class, all_particle_dimensions, unrecognized.
11:32:52: Compiler error: unknown error in kenshi_sandstorm_wall1.pu(140): token class, time_to_live, unrecognized.
11:32:52: Compiler error: unknown error in kenshi_sandstorm_wall1.pu(145): token class, velocity, unrecognized.
11:32:52: Compiler error: unknown error in kenshi_sandstorm_wall1.pu(150): token class, all_particle_dimensions, unrecognized.
11:32:52: Compiler error: unknown error in kenshi_sandstorm_wall1.pu(169): token class, xyz_scale, unrecognized.
11:32:52: Compiler error: unknown error in kenshi_sandstorm_wall1.pu(177): token class, rotation, unrecognized.
11:32:52: ParticleUniverse: Particle System Template 'kenshi_sandstorm_wall1' registered
11:32:52: Parsing script kenshi_scorching_beam1.pu
11:32:52: Compiler error: unknown error in kenshi_scorching_beam1.pu(1): token class, system, unrecognized.
11:32:52: Compiler error: unknown error in kenshi_scorching_beam1.pu(10): token class, renderer, unrecognized.
11:32:52: Compiler error: unknown error in kenshi_scorching_beam1.pu(52): token class, renderer, unrecognized.
11:32:52: Compiler error: unknown error in kenshi_scorching_beam1.pu(58): token class, emission_rate, unrecognized.
11:32:52: Compiler error: unknown error in kenshi_scorching_beam1.pu(67): token class, time_to_live, unrecognized.
11:32:52: Compiler error: unknown error in kenshi_scorching_beam1.pu(72): token class, velocity, unrecognized.
11:32:52: Compiler error: unknown error in kenshi_scorching_beam1.pu(79): token class, all_particle_dimensions, unrecognized.
11:32:52: Compiler error: unknown error in kenshi_scorching_beam1.pu(101): token class, xyz_scale, unrecognized.
11:32:52: Compiler error: unknown error in kenshi_scorching_beam1.pu(112): token class, rotation, unrecognized.
11:32:52: Compiler error: unknown error in kenshi_scorching_beam1.pu(127): token class, renderer, unrecognized.
11:32:52: Compiler error: unknown error in kenshi_scorching_beam1.pu(134): token class, time_to_live, unrecognized.
11:32:52: Compiler error: unknown error in kenshi_scorching_beam1.pu(139): token class, velocity, unrecognized.
11:32:52: Compiler error: unknown error in kenshi_scorching_beam1.pu(146): token class, all_particle_dimensions, unrecognized.
11:32:52: Compiler error: unknown error in kenshi_scorching_beam1.pu(169): token class, renderer, unrecognized.
11:32:52: Compiler error: unknown error in kenshi_scorching_beam1.pu(175): token class, time_to_live, unrecognized.
11:32:52: Compiler error: unknown error in kenshi_scorching_beam1.pu(180): token class, velocity, unrecognized.
11:32:52: Compiler error: unknown error in kenshi_scorching_beam1.pu(187): token class, all_particle_dimensions, unrecognized.
11:32:52: Compiler error: unknown error in kenshi_scorching_beam1.pu(206): token class, xyz_scale, unrecognized.
11:32:52: Compiler error: unknown error in kenshi_scorching_beam1.pu(216): token class, renderer, unrecognized.
11:32:52: Compiler error: unknown error in kenshi_scorching_beam1.pu(223): token class, velocity, unrecognized.
11:32:52: Compiler error: unknown error in kenshi_scorching_beam1.pu(230): token class, all_particle_dimensions, unrecognized.
11:32:52: ParticleUniverse: Particle System Template 'kenshi_scorching_beam1' registered
11:32:52: Texture: light_beam.png: Loading 1 faces(PF_R8G8B8,512x512x1) with 9 generated mipmaps from Image. Internal format is PF_A8B8G8R8,512x512x1.
11:32:52: D3D11 : Loading 2D Texture, image name : 'light_beam.png' with 9 mip map levels
11:32:52: Texture: DesertCloudStorm_Mite.png: Loading 1 faces(PF_L16,2048x2048x1) with 11 generated mipmaps from Image. Internal format is PF_L16,2048x2048x1.
11:32:52: D3D11 : Loading 2D Texture, image name : 'DesertCloudStorm_Mite.png' with 11 mip map levels
11:32:52: Parsing script kenshi_scorching_beam2_big.pu
11:32:52: Compiler error: unknown error in kenshi_scorching_beam2_big.pu(1): token class, system, unrecognized.
11:32:52: Compiler error: unknown error in kenshi_scorching_beam2_big.pu(10): token class, renderer, unrecognized.
11:32:52: Compiler error: unknown error in kenshi_scorching_beam2_big.pu(51): token class, renderer, unrecognized.
11:32:52: Compiler error: unknown error in kenshi_scorching_beam2_big.pu(57): token class, emission_rate, unrecognized.
11:32:52: Compiler error: unknown error in kenshi_scorching_beam2_big.pu(66): token class, time_to_live, unrecognized.
11:32:52: Compiler error: unknown error in kenshi_scorching_beam2_big.pu(71): token class, velocity, unrecognized.
11:32:52: Compiler error: unknown error in kenshi_scorching_beam2_big.pu(78): token class, all_particle_dimensions, unrecognized.
11:32:52: Compiler error: unknown error in kenshi_scorching_beam2_big.pu(100): token class, xyz_scale, unrecognized.
11:32:52: Compiler error: unknown error in kenshi_scorching_beam2_big.pu(111): token class, rotation, unrecognized.
11:32:52: Compiler error: unknown error in kenshi_scorching_beam2_big.pu(126): token class, renderer, unrecognized.
11:32:52: Compiler error: unknown error in kenshi_scorching_beam2_big.pu(133): token class, time_to_live, unrecognized.
11:32:52: Compiler error: unknown error in kenshi_scorching_beam2_big.pu(138): token class, velocity, unrecognized.
11:32:52: Compiler error: unknown error in kenshi_scorching_beam2_big.pu(145): token class, all_particle_dimensions, unrecognized.
11:32:52: Compiler error: unknown error in kenshi_scorching_beam2_big.pu(168): token class, renderer, unrecognized.
11:32:52: Compiler error: unknown error in kenshi_scorching_beam2_big.pu(174): token class, time_to_live, unrecognized.
11:32:52: Compiler error: unknown error in kenshi_scorching_beam2_big.pu(179): token class, velocity, unrecognized.
11:32:52: Compiler error: unknown error in kenshi_scorching_beam2_big.pu(186): token class, all_particle_dimensions, unrecognized.
11:32:52: Compiler error: unknown error in kenshi_scorching_beam2_big.pu(205): token class, xyz_scale, unrecognized.
11:32:52: Compiler error: unknown error in kenshi_scorching_beam2_big.pu(215): token class, renderer, unrecognized.
11:32:52: Compiler error: unknown error in kenshi_scorching_beam2_big.pu(222): token class, velocity, unrecognized.
11:32:52: Compiler error: unknown error in kenshi_scorching_beam2_big.pu(229): token class, all_particle_dimensions, unrecognized.
11:32:52: ParticleUniverse: Particle System Template 'kenshi_scorching_beam2_big' registered
11:32:52: Parsing script kenshi_smoke1.pu
11:32:52: Compiler error: unknown error in kenshi_smoke1.pu(1): token class, system, unrecognized.
11:32:52: Compiler error: unknown error in kenshi_smoke1.pu(10): token class, renderer, unrecognized.
11:32:52: Compiler error: unknown error in kenshi_smoke1.pu(17): token class, time_to_live, unrecognized.
11:32:52: Compiler error: unknown error in kenshi_smoke1.pu(22): token class, velocity, unrecognized.
11:32:52: Compiler error: unknown error in kenshi_smoke1.pu(27): token class, all_particle_dimensions, unrecognized.
11:32:52: Compiler error: unknown error in kenshi_smoke1.pu(45): token class, xyz_scale, unrecognized.
11:32:52: Compiler error: unknown error in kenshi_smoke1.pu(53): token class, rotation, unrecognized.
11:32:52: ParticleUniverse: Particle System Template 'kenshi_smoke1' registered
11:32:52: Parsing script kenshi_smoke2.pu
11:32:52: Compiler error: unknown error in kenshi_smoke2.pu(1): token class, system, unrecognized.
11:32:52: Compiler error: unknown error in kenshi_smoke2.pu(10): token class, renderer, unrecognized.
11:32:52: Compiler error: unknown error in kenshi_smoke2.pu(17): token class, time_to_live, unrecognized.
11:32:52: Compiler error: unknown error in kenshi_smoke2.pu(22): token class, velocity, unrecognized.
11:32:52: Compiler error: unknown error in kenshi_smoke2.pu(27): token class, all_particle_dimensions, unrecognized.
11:32:52: Compiler error: unknown error in kenshi_smoke2.pu(45): token class, xyz_scale, unrecognized.
11:32:52: Compiler error: unknown error in kenshi_smoke2.pu(53): token class, rotation, unrecognized.
11:32:52: ParticleUniverse: Particle System Template 'kenshi_smoke2' registered
11:32:52: Parsing script kenshi_smoke3_small.pu
11:32:52: Compiler error: unknown error in kenshi_smoke3_small.pu(1): token class, system, unrecognized.
11:32:52: Compiler error: unknown error in kenshi_smoke3_small.pu(10): token class, renderer, unrecognized.
11:32:52: Compiler error: unknown error in kenshi_smoke3_small.pu(17): token class, time_to_live, unrecognized.
11:32:52: Compiler error: unknown error in kenshi_smoke3_small.pu(22): token class, velocity, unrecognized.
11:32:52: Compiler error: unknown error in kenshi_smoke3_small.pu(27): token class, all_particle_dimensions, unrecognized.
11:32:52: Compiler error: unknown error in kenshi_smoke3_small.pu(45): token class, xyz_scale, unrecognized.
11:32:52: Compiler error: unknown error in kenshi_smoke3_small.pu(53): token class, rotation, unrecognized.
11:32:52: ParticleUniverse: Particle System Template 'kenshi_smoke3_small' registered
11:32:52: Parsing script kenshi_smoke_with_sparks.pu
11:32:52: Compiler error: unknown error in kenshi_smoke_with_sparks.pu(1): token class, system, unrecognized.
11:32:52: Compiler error: unknown error in kenshi_smoke_with_sparks.pu(10): token class, renderer, unrecognized.
11:32:52: Compiler error: unknown error in kenshi_smoke_with_sparks.pu(15): token class, emission_rate, unrecognized.
11:32:52: Compiler error: unknown error in kenshi_smoke_with_sparks.pu(21): token class, time_to_live, unrecognized.
11:32:52: Compiler error: unknown error in kenshi_smoke_with_sparks.pu(26): token class, velocity, unrecognized.
11:32:52: Compiler error: unknown error in kenshi_smoke_with_sparks.pu(31): token class, duration, unrecognized.
11:32:52: Compiler error: unknown error in kenshi_smoke_with_sparks.pu(36): token class, repeat_delay, unrecognized.
11:32:52: Compiler error: unknown error in kenshi_smoke_with_sparks.pu(65): token class, renderer, unrecognized.
11:32:52: Compiler error: unknown error in kenshi_smoke_with_sparks.pu(71): token class, emission_rate, unrecognized.
11:32:52: Compiler error: unknown error in kenshi_smoke_with_sparks.pu(77): token class, time_to_live, unrecognized.
11:32:52: Compiler error: unknown error in kenshi_smoke_with_sparks.pu(82): token class, velocity, unrecognized.
11:32:52: Compiler error: unknown error in kenshi_smoke_with_sparks.pu(89): token class, all_particle_dimensions, unrecognized.
11:32:52: Compiler error: unknown error in kenshi_smoke_with_sparks.pu(108): token class, xyz_scale, unrecognized.
11:32:52: Compiler error: unknown error in kenshi_smoke_with_sparks.pu(116): token class, rotation, unrecognized.
11:32:52: ParticleUniverse: Particle System Template 'kenshi_smoke_with_sparks' registered
11:32:52: Parsing script kenshi_sparks.pu
11:32:52: Compiler error: unknown error in kenshi_sparks.pu(1): token class, system, unrecognized.
11:32:52: Compiler error: unknown error in kenshi_sparks.pu(11): token class, renderer, unrecognized.
11:32:52: Compiler error: unknown error in kenshi_sparks.pu(18): token class, time_to_live, unrecognized.
11:32:52: Compiler error: unknown error in kenshi_sparks.pu(23): token class, velocity, unrecognized.
11:32:52: Compiler error: unknown error in kenshi_sparks.pu(56): token class, xyz_scale, unrecognized.
11:32:52: Compiler error: unknown error in kenshi_sparks.pu(64): token class, rotation_speed, unrecognized.
11:32:52: Compiler error: unknown error in kenshi_sparks.pu(70): token class, observer, unrecognized.
11:32:52: Compiler error: unknown error in kenshi_sparks.pu(73): token class, handler, unrecognized.
11:32:52: ParticleUniverse: Particle System Template 'kenshi_sparks' registered
11:32:52: Parsing script kenshi_sunbeam_smoke1.pu
11:32:52: Compiler error: unknown error in kenshi_sunbeam_smoke1.pu(1): token class, system, unrecognized.
11:32:52: Compiler error: unknown error in kenshi_sunbeam_smoke1.pu(10): token class, renderer, unrecognized.
11:32:52: Compiler error: unknown error in kenshi_sunbeam_smoke1.pu(17): token class, time_to_live, unrecognized.
11:32:52: Compiler error: unknown error in kenshi_sunbeam_smoke1.pu(22): token class, velocity, unrecognized.
11:32:52: Compiler error: unknown error in kenshi_sunbeam_smoke1.pu(52): token class, renderer, unrecognized.
11:32:52: Compiler error: unknown error in kenshi_sunbeam_smoke1.pu(60): token class, time_to_live, unrecognized.
11:32:52: Compiler error: unknown error in kenshi_sunbeam_smoke1.pu(65): token class, velocity, unrecognized.
11:32:52: Compiler error: unknown error in kenshi_sunbeam_smoke1.pu(70): token class, all_particle_dimensions, unrecognized.
11:32:52: Compiler error: unknown error in kenshi_sunbeam_smoke1.pu(84): token class, time_to_live, unrecognized.
11:32:52: Compiler error: unknown error in kenshi_sunbeam_smoke1.pu(89): token class, velocity, unrecognized.
11:32:52: Compiler error: unknown error in kenshi_sunbeam_smoke1.pu(94): token class, all_particle_dimensions, unrecognized.
11:32:52: Compiler error: unknown error in kenshi_sunbeam_smoke1.pu(114): token class, xyz_scale, unrecognized.
11:32:52: Compiler error: unknown error in kenshi_sunbeam_smoke1.pu(122): token class, rotation, unrecognized.
11:32:52: ParticleUniverse: Particle System Template 'kenshi_sunbeam_smoke1' registered
11:32:52: Parsing script kenshi_twister_dust1.pu
11:32:52: Compiler error: unknown error in kenshi_twister_dust1.pu(1): token class, system, unrecognized.
11:32:52: Compiler error: unknown error in kenshi_twister_dust1.pu(9): token class, renderer, unrecognized.
11:32:52: Compiler error: unknown error in kenshi_twister_dust1.pu(15): token class, time_to_live, unrecognized.
11:32:52: Compiler error: unknown error in kenshi_twister_dust1.pu(20): token class, velocity, unrecognized.
11:32:52: Compiler error: unknown error in kenshi_twister_dust1.pu(25): token class, all_particle_dimensions, unrecognized.
11:32:52: Compiler error: unknown error in kenshi_twister_dust1.pu(37): token class, time_to_live, unrecognized.
11:32:52: Compiler error: unknown error in kenshi_twister_dust1.pu(42): token class, velocity, unrecognized.
11:32:52: Compiler error: unknown error in kenshi_twister_dust1.pu(47): token class, all_particle_dimensions, unrecognized.
11:32:52: Compiler error: unknown error in kenshi_twister_dust1.pu(59): token class, time_to_live, unrecognized.
11:32:52: Compiler error: unknown error in kenshi_twister_dust1.pu(64): token class, velocity, unrecognized.
11:32:52: Compiler error: unknown error in kenshi_twister_dust1.pu(69): token class, all_particle_dimensions, unrecognized.
11:32:52: Compiler error: unknown error in kenshi_twister_dust1.pu(80): token class, rotation_speed, unrecognized.
11:32:52: Compiler error: unknown error in kenshi_twister_dust1.pu(89): token class, xyz_scale, unrecognized.
11:32:52: ParticleUniverse: Particle System Template 'kenshi_twister_dust1' registered
11:32:52: Parsing script kenshi_twister_dust2.pu
11:32:52: Compiler error: unknown error in kenshi_twister_dust2.pu(1): token class, system, unrecognized.
11:32:52: Compiler error: unknown error in kenshi_twister_dust2.pu(9): token class, renderer, unrecognized.
11:32:52: Compiler error: unknown error in kenshi_twister_dust2.pu(15): token class, time_to_live, unrecognized.
11:32:52: Compiler error: unknown error in kenshi_twister_dust2.pu(20): token class, velocity, unrecognized.
11:32:52: Compiler error: unknown error in kenshi_twister_dust2.pu(25): token class, all_particle_dimensions, unrecognized.
11:32:52: Compiler error: unknown error in kenshi_twister_dust2.pu(37): token class, time_to_live, unrecognized.
11:32:52: Compiler error: unknown error in kenshi_twister_dust2.pu(42): token class, velocity, unrecognized.
11:32:52: Compiler error: unknown error in kenshi_twister_dust2.pu(47): token class, all_particle_dimensions, unrecognized.
11:32:52: Compiler error: unknown error in kenshi_twister_dust2.pu(60): token class, time_to_live, unrecognized.
11:32:52: Compiler error: unknown error in kenshi_twister_dust2.pu(65): token class, velocity, unrecognized.
11:32:52: Compiler error: unknown error in kenshi_twister_dust2.pu(70): token class, all_particle_dimensions, unrecognized.
11:32:52: Compiler error: unknown error in kenshi_twister_dust2.pu(81): token class, rotation_speed, unrecognized.
11:32:52: Compiler error: unknown error in kenshi_twister_dust2.pu(90): token class, xyz_scale, unrecognized.
11:32:52: ParticleUniverse: Particle System Template 'kenshi_twister_dust2' registered
11:32:52: Parsing script kenshi_twister_fire1.pu
11:32:52: Compiler error: unknown error in kenshi_twister_fire1.pu(1): token class, system, unrecognized.
11:32:52: Compiler error: unknown error in kenshi_twister_fire1.pu(9): token class, renderer, unrecognized.
11:32:52: Compiler error: unknown error in kenshi_twister_fire1.pu(15): token class, time_to_live, unrecognized.
11:32:52: Compiler error: unknown error in kenshi_twister_fire1.pu(20): token class, velocity, unrecognized.
11:32:52: Compiler error: unknown error in kenshi_twister_fire1.pu(25): token class, all_particle_dimensions, unrecognized.
11:32:52: Compiler error: unknown error in kenshi_twister_fire1.pu(40): token class, time_to_live, unrecognized.
11:32:52: Compiler error: unknown error in kenshi_twister_fire1.pu(45): token class, velocity, unrecognized.
11:32:52: Compiler error: unknown error in kenshi_twister_fire1.pu(50): token class, all_particle_dimensions, unrecognized.
11:32:52: Compiler error: unknown error in kenshi_twister_fire1.pu(62): token class, rotation_speed, unrecognized.
11:32:52: Compiler error: unknown error in kenshi_twister_fire1.pu(71): token class, xyz_scale, unrecognized.
11:32:52: Compiler error: unknown error in kenshi_twister_fire1.pu(95): token class, renderer, unrecognized.
11:32:52: Compiler error: unknown error in kenshi_twister_fire1.pu(101): token class, time_to_live, unrecognized.
11:32:52: Compiler error: unknown error in kenshi_twister_fire1.pu(106): token class, all_particle_dimensions, unrecognized.
11:32:52: Compiler error: unknown error in kenshi_twister_fire1.pu(119): token class, rotation_speed, unrecognized.
11:32:52: Compiler error: unknown error in kenshi_twister_fire1.pu(134): token class, xyz_scale, unrecognized.
11:32:52: ParticleUniverse: Particle System Template 'kenshi_twister_fire1' registered
11:32:52: Parsing script kenshi_volcano_smoke1.pu
11:32:52: Compiler error: unknown error in kenshi_volcano_smoke1.pu(1): token class, system, unrecognized.
11:32:52: Compiler error: unknown error in kenshi_volcano_smoke1.pu(10): token class, renderer, unrecognized.
11:32:52: Compiler error: unknown error in kenshi_volcano_smoke1.pu(17): token class, time_to_live, unrecognized.
11:32:52: Compiler error: unknown error in kenshi_volcano_smoke1.pu(22): token class, velocity, unrecognized.
11:32:52: Compiler error: unknown error in kenshi_volcano_smoke1.pu(52): token class, renderer, unrecognized.
11:32:52: Compiler error: unknown error in kenshi_volcano_smoke1.pu(59): token class, time_to_live, unrecognized.
11:32:52: Compiler error: unknown error in kenshi_volcano_smoke1.pu(64): token class, velocity, unrecognized.
11:32:52: Compiler error: unknown error in kenshi_volcano_smoke1.pu(69): token class, all_particle_dimensions, unrecognized.
11:32:52: Compiler error: unknown error in kenshi_volcano_smoke1.pu(82): token class, time_to_live, unrecognized.
11:32:52: Compiler error: unknown error in kenshi_volcano_smoke1.pu(87): token class, velocity, unrecognized.
11:32:52: Compiler error: unknown error in kenshi_volcano_smoke1.pu(92): token class, all_particle_dimensions, unrecognized.
11:32:52: Compiler error: unknown error in kenshi_volcano_smoke1.pu(110): token class, xyz_scale, unrecognized.
11:32:52: Compiler error: unknown error in kenshi_volcano_smoke1.pu(118): token class, rotation, unrecognized.
11:32:52: ParticleUniverse: Particle System Template 'kenshi_volcano_smoke1' registered
11:32:52: Parsing script kenshi_weather_ash1.pu
11:32:52: Compiler error: unknown error in kenshi_weather_ash1.pu(1): token class, system, unrecognized.
11:32:52: Compiler error: unknown error in kenshi_weather_ash1.pu(10): token class, renderer, unrecognized.
11:32:52: Compiler error: unknown error in kenshi_weather_ash1.pu(17): token class, time_to_live, unrecognized.
11:32:52: Compiler error: unknown error in kenshi_weather_ash1.pu(22): token class, velocity, unrecognized.
11:32:52: Compiler error: unknown error in kenshi_weather_ash1.pu(50): token class, renderer, unrecognized.
11:32:52: Compiler error: unknown error in kenshi_weather_ash1.pu(70): token class, renderer, unrecognized.
11:32:52: Compiler error: unknown error in kenshi_weather_ash1.pu(78): token class, time_to_live, unrecognized.
11:32:52: Compiler error: unknown error in kenshi_weather_ash1.pu(83): token class, velocity, unrecognized.
11:32:52: Compiler error: unknown error in kenshi_weather_ash1.pu(89): token class, all_particle_dimensions, unrecognized.
11:32:52: Compiler error: unknown error in kenshi_weather_ash1.pu(103): token class, time_to_live, unrecognized.
11:32:52: Compiler error: unknown error in kenshi_weather_ash1.pu(108): token class, velocity, unrecognized.
11:32:52: Compiler error: unknown error in kenshi_weather_ash1.pu(114): token class, all_particle_dimensions, unrecognized.
11:32:52: Compiler error: unknown error in kenshi_weather_ash1.pu(135): token class, xyz_scale, unrecognized.
11:32:52: Compiler error: unknown error in kenshi_weather_ash1.pu(143): token class, rotation, unrecognized.
11:32:52: ParticleUniverse: Particle System Template 'kenshi_weather_ash1' registered
11:32:52: Parsing script kenshi_weather_ash2.pu
11:32:52: Compiler error: unknown error in kenshi_weather_ash2.pu(1): token class, system, unrecognized.
11:32:52: Compiler error: unknown error in kenshi_weather_ash2.pu(7): token class, renderer, unrecognized.
11:32:52: Compiler error: unknown error in kenshi_weather_ash2.pu(14): token class, time_to_live, unrecognized.
11:32:52: Compiler error: unknown error in kenshi_weather_ash2.pu(19): token class, velocity, unrecognized.
11:32:52: Compiler error: unknown error in kenshi_weather_ash2.pu(24): token class, all_particle_dimensions, unrecognized.
11:32:52: ParticleUniverse: Particle System Template 'kenshi_weather_ash2' registered
11:32:52: D3D11 : Loading 2D Texture, image name : 'ash_particle1.dds' with 255 mip map levels
11:32:52: D3D11 : Loading 2D Texture, image name : 'ash_particle1.dds' with 4 mip map levels
11:32:52: Parsing script kenshi_weather_ash3.pu
11:32:52: Compiler error: unknown error in kenshi_weather_ash3.pu(1): token class, system, unrecognized.
11:32:52: Compiler error: unknown error in kenshi_weather_ash3.pu(7): token class, renderer, unrecognized.
11:32:52: Compiler error: unknown error in kenshi_weather_ash3.pu(14): token class, time_to_live, unrecognized.
11:32:52: Compiler error: unknown error in kenshi_weather_ash3.pu(19): token class, velocity, unrecognized.
11:32:52: Compiler error: unknown error in kenshi_weather_ash3.pu(24): token class, all_particle_dimensions, unrecognized.
11:32:52: ParticleUniverse: Particle System Template 'kenshi_weather_ash3' registered
11:32:52: Parsing script kenshi_weather_dust1.pu
11:32:52: Compiler error: unknown error in kenshi_weather_dust1.pu(1): token class, system, unrecognized.
11:32:52: Compiler error: unknown error in kenshi_weather_dust1.pu(14): token class, renderer, unrecognized.
11:32:52: Compiler error: unknown error in kenshi_weather_dust1.pu(22): token class, time_to_live, unrecognized.
11:32:52: Compiler error: unknown error in kenshi_weather_dust1.pu(27): token class, velocity, unrecognized.
11:32:52: Compiler error: unknown error in kenshi_weather_dust1.pu(32): token class, all_particle_dimensions, unrecognized.
11:32:52: Compiler error: unknown error in kenshi_weather_dust1.pu(47): token class, time_to_live, unrecognized.
11:32:52: Compiler error: unknown error in kenshi_weather_dust1.pu(52): token class, velocity, unrecognized.
11:32:52: Compiler error: unknown error in kenshi_weather_dust1.pu(57): token class, all_particle_dimensions, unrecognized.
11:32:52: Compiler error: unknown error in kenshi_weather_dust1.pu(77): token class, xyz_scale, unrecognized.
11:32:52: Compiler error: unknown error in kenshi_weather_dust1.pu(85): token class, rotation, unrecognized.
11:32:52: ParticleUniverse: Particle System Template 'kenshi_weather_dust1' registered
11:32:52: Parsing script kenshi_weather_dust_point1.pu
11:32:52: Compiler error: unknown error in kenshi_weather_dust_point1.pu(1): token class, system, unrecognized.
11:32:52: Compiler error: unknown error in kenshi_weather_dust_point1.pu(14): token class, renderer, unrecognized.
11:32:52: Compiler error: unknown error in kenshi_weather_dust_point1.pu(22): token class, time_to_live, unrecognized.
11:32:52: Compiler error: unknown error in kenshi_weather_dust_point1.pu(27): token class, velocity, unrecognized.
11:32:52: Compiler error: unknown error in kenshi_weather_dust_point1.pu(32): token class, all_particle_dimensions, unrecognized.
11:32:52: Compiler error: unknown error in kenshi_weather_dust_point1.pu(45): token class, time_to_live, unrecognized.
11:32:52: Compiler error: unknown error in kenshi_weather_dust_point1.pu(50): token class, velocity, unrecognized.
11:32:52: Compiler error: unknown error in kenshi_weather_dust_point1.pu(55): token class, all_particle_dimensions, unrecognized.
11:32:52: Compiler error: unknown error in kenshi_weather_dust_point1.pu(73): token class, xyz_scale, unrecognized.
11:32:52: Compiler error: unknown error in kenshi_weather_dust_point1.pu(81): token class, rotation, unrecognized.
11:32:52: ParticleUniverse: Particle System Template 'kenshi_weather_dust_point1' registered
11:32:52: Parsing script Lightning_Bolt.pu
11:32:52: Compiler error: unknown error in Lightning_Bolt.pu(1): token class, system, unrecognized.
11:32:52: Compiler error: unknown error in Lightning_Bolt.pu(15): token class, renderer, unrecognized.
11:32:52: Compiler error: unknown error in Lightning_Bolt.pu(54): token class, x_scale, unrecognized.
11:32:52: Compiler error: unknown error in Lightning_Bolt.pu(59): token class, y_scale, unrecognized.
11:32:52: Compiler error: unknown error in Lightning_Bolt.pu(64): token class, z_scale, unrecognized.
11:32:52: Compiler error: unknown error in Lightning_Bolt.pu(82): token class, renderer, unrecognized.
11:32:52: Compiler error: unknown error in Lightning_Bolt.pu(102): token class, x_scale, unrecognized.
11:32:52: Compiler error: unknown error in Lightning_Bolt.pu(107): token class, y_scale, unrecognized.
11:32:52: Compiler error: unknown error in Lightning_Bolt.pu(112): token class, z_scale, unrecognized.
11:32:52: Compiler error: unknown error in Lightning_Bolt.pu(147): token class, renderer, unrecognized.
11:32:52: Compiler error: unknown error in Lightning_Bolt.pu(152): token class, emission_rate, unrecognized.
11:32:52: Compiler error: unknown error in Lightning_Bolt.pu(157): token class, time_to_live, unrecognized.
11:32:52: Compiler error: unknown error in Lightning_Bolt.pu(163): token class, velocity, unrecognized.
11:32:52: Compiler error: unknown error in Lightning_Bolt.pu(168): token class, duration, unrecognized.
11:32:52: Compiler error: unknown error in Lightning_Bolt.pu(191): token class, observer, unrecognized.
11:32:52: Compiler error: unknown error in Lightning_Bolt.pu(197): token class, observer, unrecognized.
11:32:52: Compiler error: unknown error in Lightning_Bolt.pu(211): token class, renderer, unrecognized.
11:32:52: Compiler error: unknown error in Lightning_Bolt.pu(225): token class, rotation_speed, unrecognized.
11:32:52: Compiler error: unknown error in Lightning_Bolt.pu(244): token class, xyz_scale, unrecognized.
11:32:52: ParticleUniverse: Particle System Template 'Lightning_Bolt' registered
11:32:52: Texture: Lightning_Bolt.png: Loading 1 faces(PF_R8G8B8,512x2048x1) with 11 generated mipmaps from Image. Internal format is PF_A8B8G8R8,512x2048x1.
11:32:52: D3D11 : Loading 2D Texture, image name : 'Lightning_Bolt.png' with 11 mip map levels
11:32:53: Texture: Lightning_Bolt2.png: Loading 1 faces(PF_R8G8B8,512x2048x1) with 11 generated mipmaps from Image. Internal format is PF_A8B8G8R8,512x2048x1.
11:32:53: D3D11 : Loading 2D Texture, image name : 'Lightning_Bolt2.png' with 11 mip map levels
11:32:53: Parsing script Local-swirl-devil.pu
11:32:53: Compiler error: unknown error in Local-swirl-devil.pu(1): token class, system, unrecognized.
11:32:53: Compiler error: unknown error in Local-swirl-devil.pu(12): token class, renderer, unrecognized.
11:32:53: Compiler error: unknown error in Local-swirl-devil.pu(18): token class, emission_rate, unrecognized.
11:32:53: Compiler error: unknown error in Local-swirl-devil.pu(24): token class, velocity, unrecognized.
11:32:53: Compiler error: unknown error in Local-swirl-devil.pu(33): token class, emission_rate, unrecognized.
11:32:53: Compiler error: unknown error in Local-swirl-devil.pu(39): token class, velocity, unrecognized.
11:32:53: Compiler error: unknown error in Local-swirl-devil.pu(84): token class, xyz_scale, unrecognized.
11:32:53: Compiler error: unknown error in Local-swirl-devil.pu(112): token class, xyz_scale, unrecognized.
11:32:53: Compiler error: unknown error in Local-swirl-devil.pu(122): token class, xyz_scale, unrecognized.
11:32:53: ParticleUniverse: Particle System Template 'Local-swirl-devil' registered
11:32:53: Parsing script Local-swirl-devil2.pu
11:32:53: Compiler error: unknown error in Local-swirl-devil2.pu(1): token class, system, unrecognized.
11:32:53: Compiler error: unknown error in Local-swirl-devil2.pu(12): token class, renderer, unrecognized.
11:32:53: Compiler error: unknown error in Local-swirl-devil2.pu(18): token class, emission_rate, unrecognized.
11:32:53: Compiler error: unknown error in Local-swirl-devil2.pu(24): token class, velocity, unrecognized.
11:32:53: Compiler error: unknown error in Local-swirl-devil2.pu(33): token class, emission_rate, unrecognized.
11:32:53: Compiler error: unknown error in Local-swirl-devil2.pu(39): token class, velocity, unrecognized.
11:32:53: Compiler error: unknown error in Local-swirl-devil2.pu(84): token class, xyz_scale, unrecognized.
11:32:53: Compiler error: unknown error in Local-swirl-devil2.pu(111): token class, xyz_scale, unrecognized.
11:32:53: Compiler error: unknown error in Local-swirl-devil2.pu(121): token class, xyz_scale, unrecognized.
11:32:53: ParticleUniverse: Particle System template 'Local-swirl-devil' already exists; old template deleted.
11:32:53: ParticleUniverse: Particle System Template 'Local-swirl-devil' registered
11:32:53: Parsing script Peelerblood.pu
11:32:53: Compiler error: unknown error in Peelerblood.pu(1): token class, system, unrecognized.
11:32:53: Compiler error: unknown error in Peelerblood.pu(10): token class, renderer, unrecognized.
11:32:53: Compiler error: unknown error in Peelerblood.pu(16): token class, angle, unrecognized.
11:32:53: Compiler error: unknown error in Peelerblood.pu(21): token class, time_to_live, unrecognized.
11:32:53: Compiler error: unknown error in Peelerblood.pu(26): token class, velocity, unrecognized.
11:32:53: Compiler error: unknown error in Peelerblood.pu(43): token class, xyz_scale, unrecognized.
11:32:53: Compiler error: unknown error in Peelerblood.pu(54): token class, rotation, unrecognized.
11:32:53: Compiler error: unknown error in Peelerblood.pu(59): token class, rotation_speed, unrecognized.
11:32:53: ParticleUniverse: Particle System Template 'peelerblood01' registered
11:32:53: Parsing script Permanent-dust-storm.pu
11:32:53: Compiler error: unknown error in Permanent-dust-storm.pu(1): token class, system, unrecognized.
11:32:53: Compiler error: unknown error in Permanent-dust-storm.pu(17): token class, renderer, unrecognized.
11:32:53: Compiler error: unknown error in Permanent-dust-storm.pu(22): token class, emission_rate, unrecognized.
11:32:53: Compiler error: unknown error in Permanent-dust-storm.pu(30): token class, time_to_live, unrecognized.
11:32:53: Compiler error: unknown error in Permanent-dust-storm.pu(35): token class, velocity, unrecognized.
11:32:53: Compiler error: unknown error in Permanent-dust-storm.pu(45): token class, rotation, unrecognized.
11:32:53: Compiler error: unknown error in Permanent-dust-storm.pu(50): token class, rotation_speed, unrecognized.
11:32:53: Compiler error: unknown error in Permanent-dust-storm.pu(64): token class, xyz_scale, unrecognized.
11:32:53: Compiler error: unknown error in Permanent-dust-storm.pu(74): token class, rotation_speed, unrecognized.
11:32:53: Compiler error: unknown error in Permanent-dust-storm.pu(80): token class, observer, unrecognized.
11:32:53: Compiler error: unknown error in Permanent-dust-storm.pu(98): token class, renderer, unrecognized.
11:32:53: Compiler error: unknown error in Permanent-dust-storm.pu(103): token class, emission_rate, unrecognized.
11:32:53: Compiler error: unknown error in Permanent-dust-storm.pu(111): token class, time_to_live, unrecognized.
11:32:53: Compiler error: unknown error in Permanent-dust-storm.pu(116): token class, velocity, unrecognized.
11:32:53: Compiler error: unknown error in Permanent-dust-storm.pu(126): token class, rotation, unrecognized.
11:32:53: Compiler error: unknown error in Permanent-dust-storm.pu(131): token class, rotation_speed, unrecognized.
11:32:53: Compiler error: unknown error in Permanent-dust-storm.pu(150): token class, xyz_scale, unrecognized.
11:32:53: Compiler error: unknown error in Permanent-dust-storm.pu(164): token class, renderer, unrecognized.
11:32:53: Compiler error: unknown error in Permanent-dust-storm.pu(169): token class, emission_rate, unrecognized.
11:32:53: Compiler error: unknown error in Permanent-dust-storm.pu(178): token class, time_to_live, unrecognized.
11:32:53: Compiler error: unknown error in Permanent-dust-storm.pu(183): token class, velocity, unrecognized.
11:32:53: Compiler error: unknown error in Permanent-dust-storm.pu(188): token class, all_particle_dimensions, unrecognized.
11:32:53: Compiler error: unknown error in Permanent-dust-storm.pu(207): token class, rotation_speed, unrecognized.
11:32:53: Compiler error: unknown error in Permanent-dust-storm.pu(225): token class, rotation, unrecognized.
11:32:53: Compiler error: unknown error in Permanent-dust-storm.pu(230): token class, rotation_speed, unrecognized.
11:32:53: ParticleUniverse: Particle System Template 'Permanent-dust-storm' registered
11:32:53: Parsing script Poison_Gas_White.pu
11:32:53: Compiler error: unknown error in Poison_Gas_White.pu(1): token class, system, unrecognized.
11:32:53: Compiler error: unknown error in Poison_Gas_White.pu(11): token class, renderer, unrecognized.
11:32:53: Compiler error: unknown error in Poison_Gas_White.pu(19): token class, time_to_live, unrecognized.
11:32:53: Compiler error: unknown error in Poison_Gas_White.pu(24): token class, velocity, unrecognized.
11:32:53: Compiler error: unknown error in Poison_Gas_White.pu(29): token class, all_particle_dimensions, unrecognized.
11:32:53: Compiler error: unknown error in Poison_Gas_White.pu(42): token class, time_to_live, unrecognized.
11:32:53: Compiler error: unknown error in Poison_Gas_White.pu(47): token class, velocity, unrecognized.
11:32:53: Compiler error: unknown error in Poison_Gas_White.pu(52): token class, all_particle_dimensions, unrecognized.
11:32:53: Compiler error: unknown error in Poison_Gas_White.pu(65): token class, time_to_live, unrecognized.
11:32:53: Compiler error: unknown error in Poison_Gas_White.pu(70): token class, velocity, unrecognized.
11:32:53: Compiler error: unknown error in Poison_Gas_White.pu(75): token class, all_particle_dimensions, unrecognized.
11:32:53: Compiler error: unknown error in Poison_Gas_White.pu(92): token class, xyz_scale, unrecognized.
11:32:53: Compiler error: unknown error in Poison_Gas_White.pu(100): token class, rotation, unrecognized.
11:32:53: ParticleUniverse: Particle System Template 'Poison_Gas_White' registered
11:32:53: Parsing script purpleSand-Stream-whites.pu
11:32:53: Compiler error: unknown error in purpleSand-Stream-whites.pu(1): token class, system, unrecognized.
11:32:53: Compiler error: unknown error in purpleSand-Stream-whites.pu(13): token class, renderer, unrecognized.
11:32:53: Compiler error: unknown error in purpleSand-Stream-whites.pu(20): token class, angle, unrecognized.
11:32:53: Compiler error: unknown error in purpleSand-Stream-whites.pu(25): token class, time_to_live, unrecognized.
11:32:53: Compiler error: unknown error in purpleSand-Stream-whites.pu(30): token class, mass, unrecognized.
11:32:53: Compiler error: unknown error in purpleSand-Stream-whites.pu(35): token class, velocity, unrecognized.
11:32:53: Compiler error: unknown error in purpleSand-Stream-whites.pu(40): token class, duration, unrecognized.
11:32:53: Compiler error: unknown error in purpleSand-Stream-whites.pu(46): token class, all_particle_dimensions, unrecognized.
11:32:53: Compiler error: unknown error in purpleSand-Stream-whites.pu(64): token class, xyz_scale, unrecognized.
11:32:53: Compiler error: unknown error in purpleSand-Stream-whites.pu(70): token class, x_scale, unrecognized.
11:32:53: Compiler error: unknown error in purpleSand-Stream-whites.pu(75): token class, y_scale, unrecognized.
11:32:53: Compiler error: unknown error in purpleSand-Stream-whites.pu(80): token class, z_scale, unrecognized.
11:32:53: Compiler error: unknown error in purpleSand-Stream-whites.pu(106): token class, rotation, unrecognized.
11:32:53: Compiler error: unknown error in purpleSand-Stream-whites.pu(111): token class, rotation_speed, unrecognized.
11:32:53: ParticleUniverse: Particle System Template 'purpleSand-Stream-whites' registered
11:32:53: Texture: Sand-Wisp.png: Loading 1 faces(PF_A8R8G8B8,512x512x1) with 9 generated mipmaps from Image. Internal format is PF_A8R8G8B8,512x512x1.
11:32:53: D3D11 : Loading 2D Texture, image name : 'Sand-Wisp.png' with 9 mip map levels
11:32:53: Parsing script Sand-Stream-Bigger.pu
11:32:53: Compiler error: unknown error in Sand-Stream-Bigger.pu(1): token class, system, unrecognized.
11:32:53: Compiler error: unknown error in Sand-Stream-Bigger.pu(12): token class, renderer, unrecognized.
11:32:53: Compiler error: unknown error in Sand-Stream-Bigger.pu(17): token class, emission_rate, unrecognized.
11:32:53: Compiler error: unknown error in Sand-Stream-Bigger.pu(22): token class, angle, unrecognized.
11:32:53: Compiler error: unknown error in Sand-Stream-Bigger.pu(27): token class, time_to_live, unrecognized.
11:32:53: Compiler error: unknown error in Sand-Stream-Bigger.pu(32): token class, mass, unrecognized.
11:32:53: Compiler error: unknown error in Sand-Stream-Bigger.pu(37): token class, velocity, unrecognized.
11:32:53: Compiler error: unknown error in Sand-Stream-Bigger.pu(42): token class, duration, unrecognized.
11:32:53: Compiler error: unknown error in Sand-Stream-Bigger.pu(48): token class, all_particle_dimensions, unrecognized.
11:32:53: Compiler error: unknown error in Sand-Stream-Bigger.pu(66): token class, xyz_scale, unrecognized.
11:32:53: Compiler error: unknown error in Sand-Stream-Bigger.pu(72): token class, x_scale, unrecognized.
11:32:53: Compiler error: unknown error in Sand-Stream-Bigger.pu(77): token class, y_scale, unrecognized.
11:32:53: Compiler error: unknown error in Sand-Stream-Bigger.pu(82): token class, z_scale, unrecognized.
11:32:53: Compiler error: unknown error in Sand-Stream-Bigger.pu(114): token class, rotation, unrecognized.
11:32:53: Compiler error: unknown error in Sand-Stream-Bigger.pu(119): token class, rotation_speed, unrecognized.
11:32:53: ParticleUniverse: Particle System Template 'Sand-Stream-Bigger' registered
11:32:53: Parsing script Sand-Stream.pu
11:32:53: Compiler error: unknown error in Sand-Stream.pu(1): token class, system, unrecognized.
11:32:53: Compiler error: unknown error in Sand-Stream.pu(12): token class, renderer, unrecognized.
11:32:53: Compiler error: unknown error in Sand-Stream.pu(17): token class, emission_rate, unrecognized.
11:32:53: Compiler error: unknown error in Sand-Stream.pu(22): token class, angle, unrecognized.
11:32:53: Compiler error: unknown error in Sand-Stream.pu(27): token class, time_to_live, unrecognized.
11:32:53: Compiler error: unknown error in Sand-Stream.pu(32): token class, mass, unrecognized.
11:32:53: Compiler error: unknown error in Sand-Stream.pu(37): token class, velocity, unrecognized.
11:32:53: Compiler error: unknown error in Sand-Stream.pu(42): token class, duration, unrecognized.
11:32:53: Compiler error: unknown error in Sand-Stream.pu(48): token class, all_particle_dimensions, unrecognized.
11:32:53: Compiler error: unknown error in Sand-Stream.pu(64): token class, xyz_scale, unrecognized.
11:32:53: Compiler error: unknown error in Sand-Stream.pu(70): token class, x_scale, unrecognized.
11:32:53: Compiler error: unknown error in Sand-Stream.pu(75): token class, y_scale, unrecognized.
11:32:53: Compiler error: unknown error in Sand-Stream.pu(80): token class, z_scale, unrecognized.
11:32:53: Compiler error: unknown error in Sand-Stream.pu(112): token class, rotation, unrecognized.
11:32:53: Compiler error: unknown error in Sand-Stream.pu(117): token class, rotation_speed, unrecognized.
11:32:53: ParticleUniverse: Particle System Template 'Sand-Stream' registered
11:32:53: Parsing script sandySand-Stream.pu
11:32:53: Compiler error: unknown error in sandySand-Stream.pu(1): token class, system, unrecognized.
11:32:53: Compiler error: unknown error in sandySand-Stream.pu(13): token class, renderer, unrecognized.
11:32:53: Compiler error: unknown error in sandySand-Stream.pu(19): token class, angle, unrecognized.
11:32:53: Compiler error: unknown error in sandySand-Stream.pu(24): token class, time_to_live, unrecognized.
11:32:53: Compiler error: unknown error in sandySand-Stream.pu(29): token class, mass, unrecognized.
11:32:53: Compiler error: unknown error in sandySand-Stream.pu(34): token class, velocity, unrecognized.
11:32:53: Compiler error: unknown error in sandySand-Stream.pu(39): token class, duration, unrecognized.
11:32:53: Compiler error: unknown error in sandySand-Stream.pu(45): token class, all_particle_dimensions, unrecognized.
11:32:53: Compiler error: unknown error in sandySand-Stream.pu(63): token class, xyz_scale, unrecognized.
11:32:53: Compiler error: unknown error in sandySand-Stream.pu(69): token class, x_scale, unrecognized.
11:32:53: Compiler error: unknown error in sandySand-Stream.pu(74): token class, y_scale, unrecognized.
11:32:53: Compiler error: unknown error in sandySand-Stream.pu(79): token class, z_scale, unrecognized.
11:32:53: Compiler error: unknown error in sandySand-Stream.pu(104): token class, rotation, unrecognized.
11:32:53: Compiler error: unknown error in sandySand-Stream.pu(109): token class, rotation_speed, unrecognized.
11:32:53: ParticleUniverse: Particle System Template 'sandySand-Stream' registered
11:32:53: Parsing script SkyBeam.pu
11:32:53: Compiler error: unknown error in SkyBeam.pu(1): token class, system, unrecognized.
11:32:53: Compiler error: unknown error in SkyBeam.pu(17): token class, renderer, unrecognized.
11:32:53: Compiler error: unknown error in SkyBeam.pu(47): token class, x_scale, unrecognized.
11:32:53: Compiler error: unknown error in SkyBeam.pu(60): token class, renderer, unrecognized.
11:32:53: Compiler error: unknown error in SkyBeam.pu(74): token class, xyz_scale, unrecognized.
11:32:53: Compiler error: unknown error in SkyBeam.pu(87): token class, rotation, unrecognized.
11:32:53: Compiler error: unknown error in SkyBeam.pu(121): token class, renderer, unrecognized.
11:32:53: Compiler error: unknown error in SkyBeam.pu(126): token class, emission_rate, unrecognized.
11:32:53: Compiler error: unknown error in SkyBeam.pu(131): token class, time_to_live, unrecognized.
11:32:53: Compiler error: unknown error in SkyBeam.pu(136): token class, mass, unrecognized.
11:32:53: Compiler error: unknown error in SkyBeam.pu(141): token class, velocity, unrecognized.
11:32:53: Compiler error: unknown error in SkyBeam.pu(147): token class, all_particle_dimensions, unrecognized.
11:32:53: Compiler error: unknown error in SkyBeam.pu(177): token class, renderer, unrecognized.
11:32:53: ParticleUniverse: Particle System Template 'SkyBeam' registered
11:32:53: Parsing script Snaking-Wisps.pu
11:32:53: Compiler error: unknown error in Snaking-Wisps.pu(1): token class, system, unrecognized.
11:32:53: Compiler error: unknown error in Snaking-Wisps.pu(16): token class, renderer, unrecognized.
11:32:53: Compiler error: unknown error in Snaking-Wisps.pu(21): token class, emission_rate, unrecognized.
11:32:53: Compiler error: unknown error in Snaking-Wisps.pu(26): token class, time_to_live, unrecognized.
11:32:53: Compiler error: unknown error in Snaking-Wisps.pu(31): token class, velocity, unrecognized.
11:32:53: Compiler error: unknown error in Snaking-Wisps.pu(59): token class, renderer, unrecognized.
11:32:53: Compiler error: unknown error in Snaking-Wisps.pu(65): token class, emission_rate, unrecognized.
11:32:53: Compiler error: unknown error in Snaking-Wisps.pu(71): token class, time_to_live, unrecognized.
11:32:53: Compiler error: unknown error in Snaking-Wisps.pu(76): token class, velocity, unrecognized.
11:32:53: Compiler error: unknown error in Snaking-Wisps.pu(106): token class, renderer, unrecognized.
11:32:53: Compiler error: unknown error in Snaking-Wisps.pu(111): token class, time_to_live, unrecognized.
11:32:53: Compiler error: unknown error in Snaking-Wisps.pu(116): token class, velocity, unrecognized.
11:32:53: Compiler error: unknown error in Snaking-Wisps.pu(135): token class, rotation_speed, unrecognized.
11:32:53: Compiler error: unknown error in Snaking-Wisps.pu(150): token class, renderer, unrecognized.
11:32:53: Compiler error: unknown error in Snaking-Wisps.pu(155): token class, time_to_live, unrecognized.
11:32:53: Compiler error: unknown error in Snaking-Wisps.pu(160): token class, velocity, unrecognized.
11:32:53: Compiler error: unknown error in Snaking-Wisps.pu(179): token class, rotation_speed, unrecognized.
11:32:53: Compiler error: unknown error in Snaking-Wisps.pu(197): token class, renderer, unrecognized.
11:32:53: Compiler error: unknown error in Snaking-Wisps.pu(202): token class, emission_rate, unrecognized.
11:32:53: Compiler error: unknown error in Snaking-Wisps.pu(207): token class, time_to_live, unrecognized.
11:32:53: Compiler error: unknown error in Snaking-Wisps.pu(212): token class, velocity, unrecognized.
11:32:53: Compiler error: unknown error in Snaking-Wisps.pu(231): token class, rotation_speed, unrecognized.
11:32:53: ParticleUniverse: Particle System Template 'Snaking-Wisps' registered
11:32:53: Texture: Snake-Wisps01.png: Loading 1 faces(PF_A8R8G8B8,2048x1024x1) with 11 generated mipmaps from Image. Internal format is PF_A8R8G8B8,2048x1024x1.
11:32:53: D3D11 : Loading 2D Texture, image name : 'Snake-Wisps01.png' with 11 mip map levels
11:32:53: Texture: Snake-Wisps-Vertical.png: Loading 1 faces(PF_A8R8G8B8,1024x1024x1) with 10 generated mipmaps from Image. Internal format is PF_A8R8G8B8,1024x1024x1.
11:32:53: D3D11 : Loading 2D Texture, image name : 'Snake-Wisps-Vertical.png' with 10 mip map levels
11:32:53: Texture: Ticker01.png: Loading 1 faces(PF_A8R8G8B8,256x256x1) with 8 generated mipmaps from Image. Internal format is PF_A8R8G8B8,256x256x1.
11:32:53: D3D11 : Loading 2D Texture, image name : 'Ticker01.png' with 8 mip map levels
11:32:53: Texture: Ticker02.png: Loading 1 faces(PF_A8R8G8B8,256x256x1) with 8 generated mipmaps from Image. Internal format is PF_A8R8G8B8,256x256x1.
11:32:53: D3D11 : Loading 2D Texture, image name : 'Ticker02.png' with 8 mip map levels
11:32:53: Texture: Ticker03.png: Loading 1 faces(PF_A8R8G8B8,256x256x1) with 8 generated mipmaps from Image. Internal format is PF_A8R8G8B8,256x256x1.
11:32:53: D3D11 : Loading 2D Texture, image name : 'Ticker03.png' with 8 mip map levels
11:32:53: Parsing script steam-vent.pu
11:32:53: Compiler error: unknown error in steam-vent.pu(1): token class, system, unrecognized.
11:32:53: Compiler error: unknown error in steam-vent.pu(11): token class, renderer, unrecognized.
11:32:53: Compiler error: unknown error in steam-vent.pu(22): token class, all_particle_dimensions, unrecognized.
11:32:53: Compiler error: unknown error in steam-vent.pu(35): token class, xyz_scale, unrecognized.
11:32:53: Compiler error: unknown error in steam-vent.pu(41): token class, x_scale, unrecognized.
11:32:53: Compiler error: unknown error in steam-vent.pu(47): token class, y_scale, unrecognized.
11:32:53: Compiler error: unknown error in steam-vent.pu(53): token class, z_scale, unrecognized.
11:32:53: Compiler error: unknown error in steam-vent.pu(75): token class, renderer, unrecognized.
11:32:53: Compiler error: unknown error in steam-vent.pu(82): token class, all_particle_dimensions, unrecognized.
11:32:53: Compiler error: unknown error in steam-vent.pu(96): token class, xyz_scale, unrecognized.
11:32:53: Compiler error: unknown error in steam-vent.pu(110): token class, rotation, unrecognized.
11:32:53: Compiler error: unknown error in steam-vent.pu(115): token class, rotation_speed, unrecognized.
11:32:53: ParticleUniverse: Particle System Template 'steam-vent' registered
11:32:53: Texture: Vent_FastGas.png: Loading 1 faces(PF_A8R8G8B8,512x512x1) with 9 generated mipmaps from Image. Internal format is PF_A8R8G8B8,512x512x1.
11:32:53: D3D11 : Loading 2D Texture, image name : 'Vent_FastGas.png' with 9 mip map levels
11:32:53: Texture: steam-vent-Top.png: Loading 1 faces(PF_A8R8G8B8,512x512x1) with 9 generated mipmaps from Image. Internal format is PF_A8R8G8B8,512x512x1.
11:32:53: D3D11 : Loading 2D Texture, image name : 'steam-vent-Top.png' with 9 mip map levels
11:32:53: Parsing script SteamBlastfromGround.pu
11:32:53: Compiler error: unknown error in SteamBlastfromGround.pu(1): token class, system, unrecognized.
11:32:53: Compiler error: unknown error in SteamBlastfromGround.pu(10): token class, renderer, unrecognized.
11:32:53: Compiler error: unknown error in SteamBlastfromGround.pu(21): token class, all_particle_dimensions, unrecognized.
11:32:53: Compiler error: unknown error in SteamBlastfromGround.pu(34): token class, xyz_scale, unrecognized.
11:32:53: Compiler error: unknown error in SteamBlastfromGround.pu(40): token class, x_scale, unrecognized.
11:32:53: Compiler error: unknown error in SteamBlastfromGround.pu(46): token class, y_scale, unrecognized.
11:32:53: Compiler error: unknown error in SteamBlastfromGround.pu(52): token class, z_scale, unrecognized.
11:32:53: Compiler error: unknown error in SteamBlastfromGround.pu(74): token class, renderer, unrecognized.
11:32:53: Compiler error: unknown error in SteamBlastfromGround.pu(81): token class, all_particle_dimensions, unrecognized.
11:32:53: Compiler error: unknown error in SteamBlastfromGround.pu(95): token class, xyz_scale, unrecognized.
11:32:53: Compiler error: unknown error in SteamBlastfromGround.pu(109): token class, rotation, unrecognized.
11:32:53: Compiler error: unknown error in SteamBlastfromGround.pu(114): token class, rotation_speed, unrecognized.
11:32:53: ParticleUniverse: Particle System Template 'SteamBlastfromGround' registered
11:32:53: Parsing script Streetlight-DroidFlames.pu
11:32:53: Compiler error: unknown error in Streetlight-DroidFlames.pu(1): token class, system, unrecognized.
11:32:53: Compiler error: unknown error in Streetlight-DroidFlames.pu(15): token class, renderer, unrecognized.
11:32:53: Compiler error: unknown error in Streetlight-DroidFlames.pu(23): token class, time_to_live, unrecognized.
11:32:53: Compiler error: unknown error in Streetlight-DroidFlames.pu(28): token class, velocity, unrecognized.
11:32:53: Compiler error: unknown error in Streetlight-DroidFlames.pu(33): token class, all_particle_dimensions, unrecognized.
11:32:53: Compiler error: unknown error in Streetlight-DroidFlames.pu(54): token class, xyz_scale, unrecognized.
11:32:53: Compiler error: unknown error in Streetlight-DroidFlames.pu(63): token class, rotation, unrecognized.
11:32:53: Compiler error: unknown error in Streetlight-DroidFlames.pu(83): token class, renderer, unrecognized.
11:32:53: Compiler error: unknown error in Streetlight-DroidFlames.pu(89): token class, time_to_live, unrecognized.
11:32:53: Compiler error: unknown error in Streetlight-DroidFlames.pu(94): token class, velocity, unrecognized.
11:32:53: Compiler error: unknown error in Streetlight-DroidFlames.pu(99): token class, all_particle_dimensions, unrecognized.
11:32:53: ParticleUniverse: Particle System Template 'Streetlight-DroidFlames' registered
11:32:53: Parsing script Street_SINNER_Flames.pu
11:32:53: Compiler error: unknown error in Street_SINNER_Flames.pu(1): token class, system, unrecognized.
11:32:53: Compiler error: unknown error in Street_SINNER_Flames.pu(11): token class, renderer, unrecognized.
11:32:53: Compiler error: unknown error in Street_SINNER_Flames.pu(17): token class, emission_rate, unrecognized.
11:32:53: Compiler error: unknown error in Street_SINNER_Flames.pu(23): token class, time_to_live, unrecognized.
11:32:53: Compiler error: unknown error in Street_SINNER_Flames.pu(28): token class, velocity, unrecognized.
11:32:53: Compiler error: unknown error in Street_SINNER_Flames.pu(33): token class, all_particle_dimensions, unrecognized.
11:32:53: Compiler error: unknown error in Street_SINNER_Flames.pu(38): token class, particle_width, unrecognized.
11:32:53: Compiler error: unknown error in Street_SINNER_Flames.pu(43): token class, particle_height, unrecognized.
11:32:53: Compiler error: unknown error in Street_SINNER_Flames.pu(67): token class, xyz_scale, unrecognized.
11:32:53: Compiler error: unknown error in Street_SINNER_Flames.pu(76): token class, rotation_speed, unrecognized.
11:32:53: Compiler error: unknown error in Street_SINNER_Flames.pu(92): token class, renderer, unrecognized.
11:32:53: Compiler error: unknown error in Street_SINNER_Flames.pu(97): token class, emission_rate, unrecognized.
11:32:53: Compiler error: unknown error in Street_SINNER_Flames.pu(103): token class, time_to_live, unrecognized.
11:32:53: Compiler error: unknown error in Street_SINNER_Flames.pu(108): token class, velocity, unrecognized.
11:32:53: Compiler error: unknown error in Street_SINNER_Flames.pu(113): token class, all_particle_dimensions, unrecognized.
11:32:53: Compiler error: unknown error in Street_SINNER_Flames.pu(145): token class, rotation_speed, unrecognized.
11:32:53: Compiler error: unknown error in Street_SINNER_Flames.pu(166): token class, renderer, unrecognized.
11:32:53: Compiler error: unknown error in Street_SINNER_Flames.pu(172): token class, time_to_live, unrecognized.
11:32:53: Compiler error: unknown error in Street_SINNER_Flames.pu(177): token class, velocity, unrecognized.
11:32:53: Compiler error: unknown error in Street_SINNER_Flames.pu(198): token class, xyz_scale, unrecognized.
11:32:53: Compiler error: unknown error in Street_SINNER_Flames.pu(216): token class, renderer, unrecognized.
11:32:53: Compiler error: unknown error in Street_SINNER_Flames.pu(221): token class, emission_rate, unrecognized.
11:32:53: Compiler error: unknown error in Street_SINNER_Flames.pu(226): token class, time_to_live, unrecognized.
11:32:53: Compiler error: unknown error in Street_SINNER_Flames.pu(231): token class, mass, unrecognized.
11:32:53: Compiler error: unknown error in Street_SINNER_Flames.pu(236): token class, velocity, unrecognized.
11:32:53: Compiler error: unknown error in Street_SINNER_Flames.pu(241): token class, all_particle_dimensions, unrecognized.
11:32:53: Compiler error: unknown error in Street_SINNER_Flames.pu(246): token class, particle_width, unrecognized.
11:32:53: Compiler error: unknown error in Street_SINNER_Flames.pu(251): token class, particle_height, unrecognized.
11:32:53: Compiler error: unknown error in Street_SINNER_Flames.pu(264): token class, xyz_scale, unrecognized.
11:32:53: Compiler error: unknown error in Street_SINNER_Flames.pu(273): token class, rotation_speed, unrecognized.
11:32:53: Compiler error: unknown error in Street_SINNER_Flames.pu(281): token class, rotation_speed, unrecognized.
11:32:53: ParticleUniverse: Particle System Template 'SINNER_Flames' registered
11:32:53: Texture: SmallSingleFlame.png: Loading 1 faces(PF_A8R8G8B8,256x256x1) with 8 generated mipmaps from Image. Internal format is PF_A8R8G8B8,256x256x1.
11:32:53: D3D11 : Loading 2D Texture, image name : 'SmallSingleFlame.png' with 8 mip map levels
11:32:53: Parsing script Street_Torch_Flames.pu
11:32:53: Compiler error: unknown error in Street_Torch_Flames.pu(1): token class, system, unrecognized.
11:32:53: Compiler error: unknown error in Street_Torch_Flames.pu(11): token class, renderer, unrecognized.
11:32:53: Compiler error: unknown error in Street_Torch_Flames.pu(17): token class, emission_rate, unrecognized.
11:32:53: Compiler error: unknown error in Street_Torch_Flames.pu(23): token class, time_to_live, unrecognized.
11:32:53: Compiler error: unknown error in Street_Torch_Flames.pu(28): token class, velocity, unrecognized.
11:32:53: Compiler error: unknown error in Street_Torch_Flames.pu(33): token class, all_particle_dimensions, unrecognized.
11:32:53: Compiler error: unknown error in Street_Torch_Flames.pu(38): token class, particle_width, unrecognized.
11:32:53: Compiler error: unknown error in Street_Torch_Flames.pu(43): token class, particle_height, unrecognized.
11:32:53: Compiler error: unknown error in Street_Torch_Flames.pu(67): token class, xyz_scale, unrecognized.
11:32:53: Compiler error: unknown error in Street_Torch_Flames.pu(76): token class, rotation_speed, unrecognized.
11:32:53: Compiler error: unknown error in Street_Torch_Flames.pu(92): token class, renderer, unrecognized.
11:32:53: Compiler error: unknown error in Street_Torch_Flames.pu(97): token class, emission_rate, unrecognized.
11:32:53: Compiler error: unknown error in Street_Torch_Flames.pu(106): token class, time_to_live, unrecognized.
11:32:53: Compiler error: unknown error in Street_Torch_Flames.pu(111): token class, velocity, unrecognized.
11:32:53: Compiler error: unknown error in Street_Torch_Flames.pu(116): token class, all_particle_dimensions, unrecognized.
11:32:53: Compiler error: unknown error in Street_Torch_Flames.pu(148): token class, renderer, unrecognized.
11:32:53: Compiler error: unknown error in Street_Torch_Flames.pu(154): token class, time_to_live, unrecognized.
11:32:53: Compiler error: unknown error in Street_Torch_Flames.pu(159): token class, velocity, unrecognized.
11:32:53: Compiler error: unknown error in Street_Torch_Flames.pu(180): token class, xyz_scale, unrecognized.
11:32:53: Compiler error: unknown error in Street_Torch_Flames.pu(198): token class, renderer, unrecognized.
11:32:53: Compiler error: unknown error in Street_Torch_Flames.pu(203): token class, emission_rate, unrecognized.
11:32:53: Compiler error: unknown error in Street_Torch_Flames.pu(208): token class, time_to_live, unrecognized.
11:32:53: Compiler error: unknown error in Street_Torch_Flames.pu(213): token class, mass, unrecognized.
11:32:53: Compiler error: unknown error in Street_Torch_Flames.pu(218): token class, velocity, unrecognized.
11:32:53: Compiler error: unknown error in Street_Torch_Flames.pu(223): token class, all_particle_dimensions, unrecognized.
11:32:53: Compiler error: unknown error in Street_Torch_Flames.pu(228): token class, particle_width, unrecognized.
11:32:53: Compiler error: unknown error in Street_Torch_Flames.pu(233): token class, particle_height, unrecognized.
11:32:53: Compiler error: unknown error in Street_Torch_Flames.pu(246): token class, xyz_scale, unrecognized.
11:32:53: Compiler error: unknown error in Street_Torch_Flames.pu(255): token class, rotation_speed, unrecognized.
11:32:53: Compiler error: unknown error in Street_Torch_Flames.pu(263): token class, rotation_speed, unrecognized.
11:32:53: ParticleUniverse: Particle System Template 'Simple_Flames' registered
11:32:53: Parsing script True-TORNADO.pu
11:32:53: Compiler error: unknown error in True-TORNADO.pu(1): token class, system, unrecognized.
11:32:53: Compiler error: unknown error in True-TORNADO.pu(13): token class, renderer, unrecognized.
11:32:53: Compiler error: unknown error in True-TORNADO.pu(21): token class, time_to_live, unrecognized.
11:32:53: Compiler error: unknown error in True-TORNADO.pu(40): token class, xyz_scale, unrecognized.
11:32:53: Compiler error: unknown error in True-TORNADO.pu(53): token class, rotation_speed, unrecognized.
11:32:53: Compiler error: unknown error in True-TORNADO.pu(87): token class, renderer, unrecognized.
11:32:53: Compiler error: unknown error in True-TORNADO.pu(95): token class, time_to_live, unrecognized.
11:32:53: Compiler error: unknown error in True-TORNADO.pu(110): token class, xyz_scale, unrecognized.
11:32:53: ParticleUniverse: Particle System Template 'True-TORNADO' registered
11:32:53: Parsing script Twister-Chuff01.pu
11:32:53: Compiler error: unknown error in Twister-Chuff01.pu(1): token class, system, unrecognized.
11:32:53: Compiler error: unknown error in Twister-Chuff01.pu(9): token class, renderer, unrecognized.
11:32:53: Compiler error: unknown error in Twister-Chuff01.pu(15): token class, time_to_live, unrecognized.
11:32:53: Compiler error: unknown error in Twister-Chuff01.pu(20): token class, mass, unrecognized.
11:32:53: Compiler error: unknown error in Twister-Chuff01.pu(27): token class, velocity, unrecognized.
11:32:53: Compiler error: unknown error in Twister-Chuff01.pu(32): token class, all_particle_dimensions, unrecognized.
11:32:53: Compiler error: unknown error in Twister-Chuff01.pu(44): token class, time_to_live, unrecognized.
11:32:53: Compiler error: unknown error in Twister-Chuff01.pu(49): token class, velocity, unrecognized.
11:32:53: Compiler error: unknown error in Twister-Chuff01.pu(54): token class, all_particle_dimensions, unrecognized.
11:32:53: Compiler error: unknown error in Twister-Chuff01.pu(66): token class, time_to_live, unrecognized.
11:32:53: Compiler error: unknown error in Twister-Chuff01.pu(71): token class, velocity, unrecognized.
11:32:53: Compiler error: unknown error in Twister-Chuff01.pu(76): token class, all_particle_dimensions, unrecognized.
11:32:53: Compiler error: unknown error in Twister-Chuff01.pu(86): token class, rotation_speed, unrecognized.
11:32:53: Compiler error: unknown error in Twister-Chuff01.pu(95): token class, xyz_scale, unrecognized.
11:32:53: Compiler error: unknown error in Twister-Chuff01.pu(124): token class, xyz_scale, unrecognized.
11:32:53: ParticleUniverse: Particle System Template 'Twister-Chuff01' registered
11:32:53: OGRE EXCEPTION(6:FileNotFoundException): Cannot locate resource EX-DustMite in resource group Particles or any other group. in ResourceGroupManager::openResource at ..\..\OgreMain\src\OgreResourceGroupManager.cpp (line 757)
11:32:53: Error loading texture EX-DustMite. Texture layer will be blank. Loading the texture failed with the following exception: OGRE EXCEPTION(6:FileNotFoundException): Cannot locate resource EX-DustMite in resource group Particles or any other group. in ResourceGroupManager::openResource at ..\..\OgreMain\src\OgreResourceGroupManager.cpp (line 757)
11:32:53: Parsing script Twister-Large.pu
11:32:53: Compiler error: unknown error in Twister-Large.pu(1): token class, system, unrecognized.
11:32:53: Compiler error: unknown error in Twister-Large.pu(16): token class, renderer, unrecognized.
11:32:53: Compiler error: unknown error in Twister-Large.pu(33): token class, rotation, unrecognized.
11:32:53: Compiler error: unknown error in Twister-Large.pu(38): token class, rotation_speed, unrecognized.
11:32:53: Compiler error: unknown error in Twister-Large.pu(47): token class, x_scale, unrecognized.
11:32:53: Compiler error: unknown error in Twister-Large.pu(55): token class, y_scale, unrecognized.
11:32:53: Compiler error: unknown error in Twister-Large.pu(60): token class, z_scale, unrecognized.
11:32:53: Compiler error: unknown error in Twister-Large.pu(78): token class, rotation_speed, unrecognized.
11:32:53: Compiler error: unknown error in Twister-Large.pu(115): token class, renderer, unrecognized.
11:32:53: Compiler error: unknown error in Twister-Large.pu(124): token class, time_to_live, unrecognized.
11:32:53: Compiler error: unknown error in Twister-Large.pu(129): token class, velocity, unrecognized.
11:32:53: Compiler error: unknown error in Twister-Large.pu(134): token class, particle_width, unrecognized.
11:32:53: Compiler error: unknown error in Twister-Large.pu(139): token class, particle_height, unrecognized.
11:32:53: Compiler error: unknown error in Twister-Large.pu(150): token class, rotation, unrecognized.
11:32:53: Compiler error: unknown error in Twister-Large.pu(155): token class, rotation_speed, unrecognized.
11:32:53: Compiler error: unknown error in Twister-Large.pu(166): token class, xyz_scale, unrecognized.
11:32:53: Compiler error: unknown error in Twister-Large.pu(180): token class, rotation_speed, unrecognized.
11:32:53: Compiler error: unknown error in Twister-Large.pu(203): token class, acceleration, unrecognized.
11:32:53: Compiler error: unknown error in Twister-Large.pu(233): token class, renderer, unrecognized.
11:32:53: Compiler error: unknown error in Twister-Large.pu(239): token class, emission_rate, unrecognized.
11:32:53: Compiler error: unknown error in Twister-Large.pu(244): token class, time_to_live, unrecognized.
11:32:53: Compiler error: unknown error in Twister-Large.pu(268): token class, rotation_speed, unrecognized.
11:32:53: Compiler error: unknown error in Twister-Large.pu(277): token class, rotation, unrecognized.
11:32:53: Compiler error: unknown error in Twister-Large.pu(282): token class, rotation_speed, unrecognized.
11:32:53: Compiler error: unknown error in Twister-Large.pu(295): token class, renderer, unrecognized.
11:32:53: Compiler error: unknown error in Twister-Large.pu(302): token class, time_to_live, unrecognized.
11:32:53: Compiler error: unknown error in Twister-Large.pu(313): token class, rotation_speed, unrecognized.
11:32:53: Compiler error: unknown error in Twister-Large.pu(321): token class, rotation, unrecognized.
11:32:53: Compiler error: unknown error in Twister-Large.pu(326): token class, rotation_speed, unrecognized.
11:32:53: Compiler error: unknown error in Twister-Large.pu(349): token class, xyz_scale, unrecognized.
11:32:53: Compiler error: unknown error in Twister-Large.pu(379): token class, renderer, unrecognized.
11:32:53: Compiler error: unknown error in Twister-Large.pu(384): token class, time_to_live, unrecognized.
11:32:53: Compiler error: unknown error in Twister-Large.pu(393): token class, rotation_speed, unrecognized.
11:32:53: Compiler error: unknown error in Twister-Large.pu(408): token class, rotation_speed, unrecognized.
11:32:53: Compiler error: unknown error in Twister-Large.pu(425): token class, xyz_scale, unrecognized.
11:32:53: Compiler error: unknown error in Twister-Large.pu(443): token class, renderer, unrecognized.
11:32:53: Compiler error: unknown error in Twister-Large.pu(448): token class, emission_rate, unrecognized.
11:32:53: Compiler error: unknown error in Twister-Large.pu(453): token class, angle, unrecognized.
11:32:53: Compiler error: unknown error in Twister-Large.pu(473): token class, xyz_scale, unrecognized.
11:32:53: ParticleUniverse: Particle System Template 'Twister-Large' registered
11:32:53: OGRE EXCEPTION(6:FileNotFoundException): Cannot locate resource TwisterDust_Large.png in resource group Particles or any other group. in ResourceGroupManager::openResource at ..\..\OgreMain\src\OgreResourceGroupManager.cpp (line 757)
11:32:53: Error loading texture TwisterDust_Large.png. Texture layer will be blank. Loading the texture failed with the following exception: OGRE EXCEPTION(6:FileNotFoundException): Cannot locate resource TwisterDust_Large.png in resource group Particles or any other group. in ResourceGroupManager::openResource at ..\..\OgreMain\src\OgreResourceGroupManager.cpp (line 757)
11:32:53: Parsing script Twister-of-fire01.pu
11:32:53: Compiler error: unknown error in Twister-of-fire01.pu(1): token class, system, unrecognized.
11:32:53: Compiler error: unknown error in Twister-of-fire01.pu(16): token class, renderer, unrecognized.
11:32:53: Compiler error: unknown error in Twister-of-fire01.pu(24): token class, time_to_live, unrecognized.
11:32:53: Compiler error: unknown error in Twister-of-fire01.pu(37): token class, rotation, unrecognized.
11:32:53: Compiler error: unknown error in Twister-of-fire01.pu(42): token class, rotation_speed, unrecognized.
11:32:53: Compiler error: unknown error in Twister-of-fire01.pu(51): token class, x_scale, unrecognized.
11:32:53: Compiler error: unknown error in Twister-of-fire01.pu(59): token class, y_scale, unrecognized.
11:32:53: Compiler error: unknown error in Twister-of-fire01.pu(64): token class, z_scale, unrecognized.
11:32:53: Compiler error: unknown error in Twister-of-fire01.pu(82): token class, rotation_speed, unrecognized.
11:32:53: Compiler error: unknown error in Twister-of-fire01.pu(120): token class, renderer, unrecognized.
11:32:53: Compiler error: unknown error in Twister-of-fire01.pu(129): token class, time_to_live, unrecognized.
11:32:53: Compiler error: unknown error in Twister-of-fire01.pu(134): token class, velocity, unrecognized.
11:32:53: Compiler error: unknown error in Twister-of-fire01.pu(139): token class, particle_width, unrecognized.
11:32:53: Compiler error: unknown error in Twister-of-fire01.pu(144): token class, particle_height, unrecognized.
11:32:53: Compiler error: unknown error in Twister-of-fire01.pu(155): token class, rotation, unrecognized.
11:32:53: Compiler error: unknown error in Twister-of-fire01.pu(160): token class, rotation_speed, unrecognized.
11:32:53: Compiler error: unknown error in Twister-of-fire01.pu(171): token class, xyz_scale, unrecognized.
11:32:53: Compiler error: unknown error in Twister-of-fire01.pu(182): token class, rotation_speed, unrecognized.
11:32:53: Compiler error: unknown error in Twister-of-fire01.pu(211): token class, acceleration, unrecognized.
11:32:53: Compiler error: unknown error in Twister-of-fire01.pu(228): token class, renderer, unrecognized.
11:32:53: Compiler error: unknown error in Twister-of-fire01.pu(256): token class, rotation_speed, unrecognized.
11:32:53: Compiler error: unknown error in Twister-of-fire01.pu(264): token class, rotation, unrecognized.
11:32:53: Compiler error: unknown error in Twister-of-fire01.pu(269): token class, rotation_speed, unrecognized.
11:32:53: Compiler error: unknown error in Twister-of-fire01.pu(283): token class, renderer, unrecognized.
11:32:53: Compiler error: unknown error in Twister-of-fire01.pu(290): token class, time_to_live, unrecognized.
11:32:53: Compiler error: unknown error in Twister-of-fire01.pu(301): token class, rotation_speed, unrecognized.
11:32:53: Compiler error: unknown error in Twister-of-fire01.pu(309): token class, rotation, unrecognized.
11:32:53: Compiler error: unknown error in Twister-of-fire01.pu(314): token class, rotation_speed, unrecognized.
11:32:53: Compiler error: unknown error in Twister-of-fire01.pu(337): token class, xyz_scale, unrecognized.
11:32:53: ParticleUniverse: Particle System Template 'Twister-of-fire01' registered
11:32:53: Texture: FlameBall_01.png: Loading 1 faces(PF_R8G8B8,2048x2048x1) with 11 generated mipmaps from Image. Internal format is PF_A8B8G8R8,2048x2048x1.
11:32:53: D3D11 : Loading 2D Texture, image name : 'FlameBall_01.png' with 11 mip map levels
11:32:53: Parsing script Twister_chuff_Desert.pu
11:32:53: Compiler error: unknown error in Twister_chuff_Desert.pu(1): token class, system, unrecognized.
11:32:53: Compiler error: unknown error in Twister_chuff_Desert.pu(9): token class, renderer, unrecognized.
11:32:53: Compiler error: unknown error in Twister_chuff_Desert.pu(15): token class, time_to_live, unrecognized.
11:32:53: Compiler error: unknown error in Twister_chuff_Desert.pu(20): token class, mass, unrecognized.
11:32:53: Compiler error: unknown error in Twister_chuff_Desert.pu(27): token class, velocity, unrecognized.
11:32:53: Compiler error: unknown error in Twister_chuff_Desert.pu(32): token class, all_particle_dimensions, unrecognized.
11:32:53: Compiler error: unknown error in Twister_chuff_Desert.pu(44): token class, time_to_live, unrecognized.
11:32:53: Compiler error: unknown error in Twister_chuff_Desert.pu(49): token class, velocity, unrecognized.
11:32:53: Compiler error: unknown error in Twister_chuff_Desert.pu(54): token class, all_particle_dimensions, unrecognized.
11:32:53: Compiler error: unknown error in Twister_chuff_Desert.pu(66): token class, time_to_live, unrecognized.
11:32:53: Compiler error: unknown error in Twister_chuff_Desert.pu(71): token class, velocity, unrecognized.
11:32:53: Compiler error: unknown error in Twister_chuff_Desert.pu(76): token class, all_particle_dimensions, unrecognized.
11:32:53: Compiler error: unknown error in Twister_chuff_Desert.pu(86): token class, rotation_speed, unrecognized.
11:32:53: Compiler error: unknown error in Twister_chuff_Desert.pu(95): token class, xyz_scale, unrecognized.
11:32:53: Compiler error: unknown error in Twister_chuff_Desert.pu(127): token class, xyz_scale, unrecognized.
11:32:53: ParticleUniverse: Particle System Template 'Twister-Chuff_Desert01' registered
11:32:53: Parsing script Volc-Pumper.pu
11:32:53: Compiler error: unknown error in Volc-Pumper.pu(1): token class, system, unrecognized.
11:32:53: Compiler error: unknown error in Volc-Pumper.pu(11): token class, renderer, unrecognized.
11:32:53: Compiler error: unknown error in Volc-Pumper.pu(16): token class, time_to_live, unrecognized.
11:32:53: Compiler error: unknown error in Volc-Pumper.pu(25): token class, rotation_speed, unrecognized.
11:32:53: Compiler error: unknown error in Volc-Pumper.pu(50): token class, xyz_scale, unrecognized.
11:32:53: Compiler error: unknown error in Volc-Pumper.pu(69): token class, renderer, unrecognized.
11:32:53: Compiler error: unknown error in Volc-Pumper.pu(74): token class, emission_rate, unrecognized.
11:32:53: Compiler error: unknown error in Volc-Pumper.pu(79): token class, time_to_live, unrecognized.
11:32:53: Compiler error: unknown error in Volc-Pumper.pu(85): token class, all_particle_dimensions, unrecognized.
11:32:53: Compiler error: unknown error in Volc-Pumper.pu(106): token class, rotation_speed, unrecognized.
11:32:53: Compiler error: unknown error in Volc-Pumper.pu(121): token class, xyz_scale, unrecognized.
11:32:53: ParticleUniverse: Particle System Template 'Volk-Cloud' registered
11:32:53: Parsing script Volc-small-steamers.pu
11:32:53: Compiler error: unknown error in Volc-small-steamers.pu(1): token class, system, unrecognized.
11:32:53: Compiler error: unknown error in Volc-small-steamers.pu(16): token class, renderer, unrecognized.
11:32:53: Compiler error: unknown error in Volc-small-steamers.pu(21): token class, emission_rate, unrecognized.
11:32:53: Compiler error: unknown error in Volc-small-steamers.pu(26): token class, time_to_live, unrecognized.
11:32:53: Compiler error: unknown error in Volc-small-steamers.pu(32): token class, all_particle_dimensions, unrecognized.
11:32:53: Compiler error: unknown error in Volc-small-steamers.pu(51): token class, rotation_speed, unrecognized.
11:32:53: Compiler error: unknown error in Volc-small-steamers.pu(66): token class, xyz_scale, unrecognized.
11:32:53: ParticleUniverse: Particle System Template 'Volc-small-steamers' registered
11:32:53: Parsing script WadingFoam.pu
11:32:53: Compiler error: unknown error in WadingFoam.pu(1): token class, system, unrecognized.
11:32:53: Compiler error: unknown error in WadingFoam.pu(14): token class, renderer, unrecognized.
11:32:53: Compiler error: unknown error in WadingFoam.pu(33): token class, xyz_scale, unrecognized.
11:32:53: Compiler error: unknown error in WadingFoam.pu(49): token class, rotation, unrecognized.
11:32:53: Compiler error: unknown error in WadingFoam.pu(54): token class, rotation_speed, unrecognized.
11:32:53: Compiler error: unknown error in WadingFoam.pu(72): token class, renderer, unrecognized.
11:32:53: Compiler error: unknown error in WadingFoam.pu(81): token class, time_to_live, unrecognized.
11:32:53: Compiler error: unknown error in WadingFoam.pu(93): token class, xyz_scale, unrecognized.
11:32:53: Compiler error: unknown error in WadingFoam.pu(109): token class, rotation, unrecognized.
11:32:53: Compiler error: unknown error in WadingFoam.pu(114): token class, rotation_speed, unrecognized.
11:32:53: Compiler error: unknown error in WadingFoam.pu(132): token class, renderer, unrecognized.
11:32:53: Compiler error: unknown error in WadingFoam.pu(150): token class, xyz_scale, unrecognized.
11:32:53: Compiler error: unknown error in WadingFoam.pu(172): token class, rotation, unrecognized.
11:32:53: Compiler error: unknown error in WadingFoam.pu(177): token class, rotation_speed, unrecognized.
11:32:53: Compiler error: unknown error in WadingFoam.pu(187): token class, rotation, unrecognized.
11:32:53: Compiler error: unknown error in WadingFoam.pu(192): token class, rotation_speed, unrecognized.
11:32:53: ParticleUniverse: Particle System Template 'WadingFoam' registered
11:32:53: Texture: WadingFoam_Part01.png: Loading 1 faces(PF_R8G8B8,512x512x1) with 9 generated mipmaps from Image. Internal format is PF_A8B8G8R8,512x512x1.
11:32:53: D3D11 : Loading 2D Texture, image name : 'WadingFoam_Part01.png' with 9 mip map levels
11:32:53: Texture: WadingFoam_Part02.png: Loading 1 faces(PF_R8G8B8,512x512x1) with 9 generated mipmaps from Image. Internal format is PF_A8B8G8R8,512x512x1.
11:32:53: D3D11 : Loading 2D Texture, image name : 'WadingFoam_Part02.png' with 9 mip map levels
11:32:53: Texture: WadingFoam_Part03.png: Loading 1 faces(PF_R8G8B8,512x512x1) with 9 generated mipmaps from Image. Internal format is PF_A8B8G8R8,512x512x1.
11:32:53: D3D11 : Loading 2D Texture, image name : 'WadingFoam_Part03.png' with 9 mip map levels
11:32:53: Finished parsing scripts for resource group Particles
11:32:53: Creating resources for group Particles
11:32:53: All done
11:32:53: Parsing scripts for resource group SkyX
11:32:53: Parsing script SkyX.material
11:32:53: Finished parsing scripts for resource group SkyX
11:32:53: Creating resources for group SkyX
11:32:53: All done
11:32:53: Parsing scripts for resource group foliage
11:32:53: Finished parsing scripts for resource group foliage
11:32:53: Creating resources for group foliage
11:32:53: All done
11:32:53: Mesh: Loading nodemarker.mesh.
11:32:54: D3D11 : Loading 2D Texture, image name : 'title_screen1.dds' with 0 mip map levels
11:32:54: D3D11 : Loading 2D Texture, image name : 'title_screen1.dds' with 10 mip map levels
